Demanda;Criado em;DRI Audiovisual;Data Entrega;Etapa;Área Demandadora
VOX LUMINIS_AARON ROSS;July 16, 2024 10:16 AM;Gui Juhas;;Aprovado;Podcast
VÍDEO ABERTURA_ONBOARDING TRACTIONS;July 16, 2024 10:35 AM;Amanda Rui;;Cancelado;
Ecossistema de Vendas - Masterclass Alfredo;July 16, 2024 2:00 PM;Lucas Liberato;;Aprovado;Educação
Aftermovie_Pipelovers e Aaron Ross;July 16, 2024 4:26 PM;Lucas Liberato;;Aprovado;Matricial
ADs_ALFREDO_FORMAÇÃO G4;July 16, 2024 5:07 PM;Lucas Liberato;;Aprovado;Educação
ADs_MARIAH_FORMAÇÃO G4;July 16, 2024 5:47 PM;Lucas Liberato;;Aprovado;Educação
Gravação PTZ_Aula_Olivério_G4Sales;July 16, 2024 7:15 PM;Amanda Rui;;Aprovado;
EDIÇÃO VSL - G4 SKILLS (EDIÇÃO VIDEO DE VENDAS);July 17, 2024 11:52 AM;Lucas Liberato;;Aprovado;
REELS_6 tipos de gestores;July 17, 2024 6:45 PM;Gui Juhas;;Aprovado;Social G4
REELS_Anúncio Oficial Class 12;July 17, 2024 7:45 PM;Gui Juhas;;Aprovado;Social G4
REELS_TG e Ross 1;July 18, 2024 11:57 AM;Pedro Augusto;;Aprovado;
REELS_Alex_Anton;July 19, 2024 12:51 AM;Lucas Liberato;;Aprovado;Social G4
REELS_Gestor Microgerenciador;July 19, 2024 9:38 AM;Gui Juhas;;Aprovado;Social G4
Aftermovie Jantar Eagles 24.07;July 22, 2024 11:50 AM;Gui Juhas;;Aprovado;Comunidades
REELS_Nardon_10_lições;July 22, 2024 1:53 PM;Lucas Liberato;;Aprovado;Social G4
REELS_As pessoas não gostam delas mesmas;July 23, 2024 4:32 PM;Lucas Liberato;;Aprovado;Social G4
[ONLINE] [JOURNEY] Checkpoint_01_Gestao_de_Caixa_Giovanni_Colacicco;July 23, 2024 5:09 PM;Lucas Liberato;;Aprovado;Educação
REELS_sacrificar;July 24, 2024 2:24 PM;Lucas Liberato;;Aprovado;Social G4
Sessão de fotos com novo mentor;July 24, 2024 6:09 PM;Amanda Rui;;Aprovado;Matricial
Teaser Academia de Pequenos Negócios;July 24, 2024 6:17 PM;Pedro Augusto;;Cancelado;
PAPO DE GESTÃO_LUCAS VARGAS;July 24, 2024 6:57 PM;Gui Juhas;;Aprovado;Podcast
REELS_Napole;July 24, 2024 11:20 PM;Lucas Liberato;;Aprovado;Social G4
REELS_Ademar;July 24, 2024 11:44 PM;Gui Juhas;;Aprovado;Social G4
Aftermovie_SKILLS CONFERENCE;July 25, 2024 10:52 AM;Pedro Augusto;09/10/2024;Aprovado;
ADs_MARIAH_FUNIL DE VSL_FG4;July 26, 2024 3:00 PM;Lucas Liberato;;Aprovado;Educação
ADs_MARIAH_GEMP (G4 GESTÃO EMPRESARIAL);July 26, 2024 3:06 PM;Lucas Liberato;;Aprovado;Educação
EXTREMOS_GIBA;July 29, 2024 1:05 PM;Gui Juhas;;Aprovado;Podcast
[Online] [ECO] Posicionamento_Estratégico_Allan_Barros;July 30, 2024 1:00 PM;Lucas Liberato;;Aprovado;Educação
REELS_Nardon_Pressão;July 30, 2024 10:00 PM;Lucas Liberato;;Aprovado;Social G4
REELS_Alfred_Kinsey;July 31, 2024 4:46 PM;Gui Juhas;;Aprovado;Social G4
Vídeo_Onboarding digital para programas presenciais: Vídeo 01 - Boas vindas no WhatsApp;August 1, 2024 1:12 PM;Amanda Rui;;Cancelado;
Vídeo_Onboarding digital para programas presenciais: Vídeo 02 - Boas vindas na Landing Page;August 1, 2024 1:23 PM;Amanda Rui;;Cancelado;
Vídeo_Onboarding digital para programas presenciais: Vídeo 03 - Central de Controle do Onboarding;August 1, 2024 1:31 PM;;;Cancelado;
Vídeo_Onboarding digital para programas presenciais: Vídeo 04 - Plataforma Alumni;August 1, 2024 1:39 PM;;;Cancelado;
Vídeo_Onboarding digital para programas presenciais: Vídeo 05 - Dicas úteis;August 1, 2024 1:44 PM;;;Cancelado;
Vídeo_Onboarding digital para programas presenciais: Vídeo 06 - Diagnóstico de experiência;August 1, 2024 1:47 PM;;;Cancelado;
[GT] Online -  turma 05 - Gestão Financerias com Gustavo Martins;August 5, 2024 1:11 PM;Gui Juhas;;Aprovado;Educação
ADs_Mariah_G4 Traction;August 5, 2024 3:01 PM;Raffaella Lima;;Cancelado;
REELS_3 erros_líder;August 6, 2024 1:32 PM;Gui Juhas;;Aprovado;Social G4
REELS_Líder bom x ruim;August 6, 2024 2:07 PM;Gui Juhas;;Aprovado;Social G4
REELS_SKILLS_Matar_Cultura;August 6, 2024 2:45 PM;Pedro Augusto;;Aprovado;Social G4
Aftermovie_DIAGONAL;August 6, 2024 4:44 PM;Gui Juhas;;Aprovado;
ADs_INFLUENCIADOR_TRACTION;August 6, 2024 6:19 PM;Gui Juhas;;Aprovado;Social G4
REELS_Nardon_Ricardo_Dias;August 6, 2024 7:27 PM;Raffaella Lima;;Aprovado;Social G4
REELS_uniformes_nazistas;August 7, 2024 11:19 AM;Gui Juhas;;Aprovado;Social G4
REELS_não_vamos_bater_meta;August 7, 2024 1:17 PM;Gui Juhas;;Aprovado;Social G4
REELS_G4_Bohemia;August 7, 2024 1:42 PM;Pedro Augusto;;Aprovado;Social G4
REELS_60/30/10;August 7, 2024 1:51 PM;Pedro Augusto;;Aprovado;Social G4
Edição para Website;August 7, 2024 5:59 PM;Lucas Liberato;;Aprovado;Matricial
EDIÇÃO DA GRAVAÇÃO [VSL FG4] - ALFREDO | ONLINE;August 8, 2024 12:21 PM;Lucas Liberato;;Aprovado;Educação
REELS_O Lula é competente;August 8, 2024 3:46 PM;Raffaella Lima;;Aprovado;Social G4
[ONLINE] [GEMP] Aula inaugural turma 05 com Matheus Ceballos;August 8, 2024 4:53 PM;Gui Juhas;;Aprovado;Educação
Curso de Metodologia Ágeis;August 8, 2024 5:03 PM;Pedro Augusto;;Aprovado;Educação
Gravação + edição do novo curso de Construção de plano de carreira;August 8, 2024 5:18 PM;Lucas Liberato;;Cancelado;Educação
REELS_Nardon_Joel;August 9, 2024 12:55 PM;Raffaella Lima;;Cancelado;Social G4
VOXLUMINIS_PauloGuedes;August 9, 2024 1:54 PM;Gui Juhas;;Aprovado;Podcast
REELS_PG no Vox 1;August 9, 2024 3:52 PM;Gui Juhas;;Aprovado;Social G4
REELS_PG no Vox - Democracia na prática;August 9, 2024 4:05 PM;Gui Juhas;;Aprovado;Social G4
REELS_PG no Vox - Só volto numa 3ª guerra mundial;August 9, 2024 4:24 PM;Gui Juhas;;Aprovado;Social G4
REELS_Manifesto Club;August 9, 2024 4:45 PM;Pedro Augusto;;Aprovado;Social G4
REELS_Convite Class;August 9, 2024 4:51 PM;Pedro Augusto;;Aprovado;Social G4
Sala Secreta - Aula Planejamento Estratégico | Manuel Lins G4 Gestão Empresarial;August 9, 2024 5:21 PM;Lucas Liberato;;Aprovado;Matricial
PAPO DE GESTÃO_NAPOLE;August 11, 2024 10:43 PM;Raffaella Lima;;Aprovado;Podcast
REELS_Grandes Líderes;August 12, 2024 3:59 PM;Pedro Augusto;;Aprovado;Social G4
REELS_Economia de Mercado;August 12, 2024 4:27 PM;Gui Juhas;;Aprovado;Social G4
REELS_Líder bonzinho;August 12, 2024 5:20 PM;Pedro Augusto;;Aprovado;Social G4
REELS_Perguntas 1:1;August 12, 2024 5:41 PM;Raffaella Lima;;Aprovado;Social G4
[ONLINE][JOURNEY]Checkpoint_2_Case_de_Financas_Silvio_Moura;August 13, 2024 10:49 AM;Raffaella Lima;;Aprovado;Educação
[ONLINE] [MON] Monitoria Processos e Estratégias de Crescimento - Victor Meireles;August 13, 2024 11:24 AM;Raffaella Lima;;Aprovado;Educação
[ECO] Aula 3 - Alavancas de Crescimento - T01;August 13, 2024 1:50 PM;Pedro Augusto;;Aprovado;Educação
Papo de Gestão_Thiago Cordeiro (Goodstorage);August 13, 2024 2:11 PM;Raffaella Lima;;Aprovado;Podcast
EDIÇÃO - ANÚNCIOS [FUNIL DE VSL - SKILLS] GRAVAÇÃO <> NARDON;August 13, 2024 4:41 PM;Gui Juhas;;Aprovado;
REELS_Nardon_Senna;August 13, 2024 7:05 PM;Raffaella Lima;;Aprovado;Social G4
REELS_Delegar Tarefas;August 13, 2024 10:27 PM;Lucas Liberato;;Aprovado;Social G4
REELS_Irmão bilionários;August 14, 2024 8:37 AM;Lucas Liberato;;Aprovado;Social G4
[ONLINE][GEMP] Turma 05 - Estratégia de Produtos com Leonardo Dirickson;August 14, 2024 3:49 PM;Raffaella Lima;;Aprovado;Educação
[ONLINE][JOURNEY] Aula_18_Ganho_de_Eficiência_Financeira_Giovanni_Colacicco (T01);August 15, 2024 4:40 PM;Raffaella Lima;;Aprovado;Educação
REELS_Ajuste Reels PG;August 16, 2024 1:17 PM;Raffaella Lima;;Aprovado;Social G4
REELS_Nardon_Feedback;August 16, 2024 3:05 PM;Lucas Liberato;;Aprovado;Social G4
REELS_Nardon_PDCA;August 16, 2024 3:07 PM;Raffaella Lima;;Aprovado;Social G4
REELS_Extremos_Juarez;August 16, 2024 3:09 PM;Pedro Augusto;;Aprovado;Social G4
EXTREMOS_JuarezLeite (Ep + 1Corte);August 16, 2024 3:30 PM;Lucas Liberato;;Aprovado;Podcast
PAPO DE GESTÃO_JULIANO CUSTÓDIO | EP + 1 CORTE;August 16, 2024 5:20 PM;Raffaella Lima;;Aprovado;Podcast
Vídeo Ministry Class 12;August 19, 2024 1:35 PM;Wilson Silva;;Aprovado;Comunidades
REELS_Nardon_Relógio;August 19, 2024 5:46 PM;Raffaella Lima;;Aprovado;Social G4
[online] [GT] Pensamento Estratégico com Rogério Vargas (T05);August 19, 2024 6:26 PM;Raffaella Lima;;Aprovado;Educação
Edição_Apresentação G4 Sprints Planejamento Estratégico;August 20, 2024 10:12 AM;Pedro Augusto;;Aprovado;
REELS_Nardon_Plano;August 20, 2024 2:07 PM;Pedro Augusto;;Aprovado;Social G4
[ONLINE] [JOURNEY] Checkpoint_1_Ganho_de_Eficiencia_Financeira_Silvio_Moura;August 20, 2024 2:27 PM;Raffaella Lima;;Aprovado;Educação
[ONLINE] [ECO] Checkpoint_Setorizado;August 20, 2024 3:07 PM;Raffaella Lima;;Aprovado;Educação
ONE DAY TG_BARRETOS;August 20, 2024 5:51 PM;Gui Juhas;;Aprovado;Podcast
Corte de vídeos para Website (Mentor Mania);August 20, 2024 6:29 PM;Gui Juhas;;Aprovado;Matricial
REELS_SKL_Steve Jobs;August 21, 2024 9:49 AM;Pedro Augusto;;Aprovado;Social G4
EXTREMOS_LÁSARODOCARMO (ep + 1 corte);August 21, 2024 2:05 PM;Gui Juhas;;Aprovado;Podcast
ADs_Vox_Paulo_Guedes_e_Tallis_Gomes_Expansao_de_Negocios_;August 21, 2024 2:40 PM;Gui Juhas;;Aprovado;
REELS_SKL_Contratar gente ruim;August 21, 2024 3:58 PM;Raffaella Lima;;Aprovado;Social G4
REELS_SKL_Demitir Funcionário;August 21, 2024 4:54 PM;Raffaella Lima;;Aprovado;Social G4
REELS_SKL_Duolingo;August 22, 2024 3:20 PM;Raffaella Lima;;Aprovado;Social G4
REELS_SKL_Time Desengajado;August 22, 2024 3:54 PM;Raffaella Lima;;Aprovado;Social G4
ANÚNCIOS - FNN - DENER LIPPERT (FUNIL DE VSL) Online;August 23, 2024 1:12 PM;Lucas Liberato;;Aprovado;Educação
REELS_TG em Barretos 1;August 26, 2024 5:55 PM;Pedro Augusto;;Aprovado;
Gravação + Edição | Curso: Fundamentos a análise de dados e pensamento lógico;August 27, 2024 12:40 PM;Gui Juhas;;Aprovado;Educação
[CURSO] [Gravação + Edição] Gestão da Jornada do Colaborador;August 27, 2024 12:42 PM;Raffaella Lima;23/10/2024;Aprovado;Educação
ADs_PP_Depoimento Eslen;August 27, 2024 2:31 PM;Gui Juhas;;Cancelado;
Aftermovie_QUARTEL DO ECOMMERCE;August 27, 2024 3:21 PM;Pedro Augusto;09/10/2024;Aprovado;
Curso_Retenção e Fidelização;August 27, 2024 4:07 PM;Gui Juhas;;Aprovado;Educação
[ONLINE][Journey]Qual_e_Sua_Cultura?_Fabricio_Chaves;August 29, 2024 3:18 PM;Gui Juhas;;Aprovado;Educação
OUTROS_CORTES DE TODAS AS PALESTRAS DO G4 CLASS 12;August 30, 2024 12:30 PM;Gui Juhas;;Aprovado;Comunidades
REELS_SKL_Matriz RFV;September 2, 2024 4:58 PM;Gui Juhas;;Aprovado;Social G4
REELS_Cancelamento_Saas_Dener;September 4, 2024 11:18 AM;Gui Juhas;;Aprovado;Social G4
REELS_Rolls_Royce;September 4, 2024 1:49 PM;Gui Juhas;;Aprovado;Social G4
VOXLUMINIS_HAP KLOP;September 4, 2024 3:39 PM;Gui Juhas;;Cancelado;Podcast
Aula ao Vivo_Gestão de Clientes;September 5, 2024 11:41 AM;Amanda Rui;;Aprovado;Educação
PP_Aula_OTE_Alfredo_Soares;September 6, 2024 3:18 PM;Gui Juhas;;Aprovado;
PP_ADs_Alfredo_Soares_OTE;September 6, 2024 3:26 PM;Gui Juhas;;Aprovado;
[ADs] [ON] [FG4] ALFREDO SOARES;September 10, 2024 11:30 AM;Gui Juhas;17/10/2024;Aprovado;Educação
[AFTERMOVIE] G4 Customer Experience;September 11, 2024 11:05 AM;Pedro Augusto;18/10/2024;Aprovado;
Papo de Gestão_Gui Azevedo | Alice;September 19, 2024 2:38 PM;Gui Juhas;;Aprovado;Podcast
Aftermovie_Alumni;September 20, 2024 3:44 PM;Gui Juhas;;Aprovado;Matricial
REELS_TG no jogo da NFL;September 20, 2024 4:03 PM;;;Cancelado;Social G4
REELS_The world is getting soft;September 20, 2024 4:08 PM;;;Cancelado;Social G4
REELS_Family - NFL;September 20, 2024 4:49 PM;;;Cancelado;Social G4
[AFTERMOVIE] JR MEETING;September 23, 2024 3:54 PM;Gui Juhas;02/12/2024;Aprovado;
Edição Nardon Ironman;September 23, 2024 5:29 PM;Raffaella Lima;;Aprovado;Youtube G4
[AFTERMOVIE] [DEPOIMENTOS] Encontro GEMP;September 23, 2024 6:50 PM;Gui Juhas;;Cancelado;Educação
Aftermovie G4 Esportes;September 23, 2024 6:53 PM;Amanda Rui;;Cancelado;Comunidades
[AFTERMOVIE] Skills Conference;September 23, 2024 6:54 PM;Pedro Augusto;13/01/2025;Aprovado;Educação
Aftermovie G4 Clubinho;September 23, 2024 6:55 PM;Amanda Rui;;Cancelado;Comunidades
G4 Podcasts_Ícaro de Carvalho (TOP5);September 24, 2024 10:26 AM;Lucas Liberato;10/10/2024;Aprovado;Podcast
[CURSO] Fundamentos de Demonstrativos Financeiros;September 26, 2024 11:08 AM;Raffaella Lima;21/12/2024;Aprovado;Educação
[CURSO] [Gravação + Edição] Descoberta de Produtos;September 26, 2024 11:29 AM;Raffaella Lima;08/11/2024;Aprovado;Educação
[CURSO] [Gravação + Edição] Introdução à Gestão de Produtos;September 26, 2024 11:35 AM;Gustavo Cairo;10/12/2024;Aprovado;Educação
[CURSO] Decisões de produto baseadas em dados;September 26, 2024 11:37 AM;Lucas Liberato;10/12/2024;Aprovado;Educação
[AFTERMOVIE] Gestão e Estratégia;September 26, 2024 1:36 PM;Lucas Liberato;21/10/2024;Aprovado;
[CURSO] [Gravação + Edição] Design Thinking;September 26, 2024 5:18 PM;Raffaella Lima;04/12/2024;Aprovado;Educação
REELS_Nardon_Estratégia_Napole;September 27, 2024 5:20 PM;Gui Juhas;;Cancelado;Social G4
Aula extra da Traction T47 <> Desenvolvimento de time;September 27, 2024 7:02 PM;Gui Juhas;;Aprovado;
Editar depoimentos da TRA46;September 30, 2024 9:41 AM;Pedro Augusto;14/10/2024;Aprovado;
EXTREMOS_Julia Primo;September 30, 2024 11:53 AM;Wilson Silva;;Aprovado;Podcast
BEM VINDOS_NARDON CX T14;September 30, 2024 2:19 PM;Gui Juhas;;Aprovado;
[ONLINE]][GEMP] Aula Inaugural turma 06 - Math Ceballos;September 30, 2024 3:01 PM;Pedro Augusto;;Aprovado;Educação
REELS_Nardon_Empresas_Quebram;September 30, 2024 3:31 PM;Wilson Silva;;Aprovado;Social G4
[ONLINE][GEMP] Turma 05 - Case Victor Meireles - Gestao de Processos;September 30, 2024 3:38 PM;Gui Juhas;;Aprovado;Educação
[ONLINE][GEMP]Aula Gestão de Processos - Turma 05 - Victor Meireles;September 30, 2024 3:50 PM;Gui Juhas;;Aprovado;Educação
REELS_SKL_CEO Starbucks;September 30, 2024 4:22 PM;Pedro Augusto;;Aprovado;Social G4
[ONLINE][GVD] Gestão de varejo digital - Gestão de processos - turma 01 - Leonardo Dirickson;September 30, 2024 4:34 PM;Pedro Augusto;;Aprovado;Educação
REELS_SKL_Lições;September 30, 2024 5:08 PM;Pedro Augusto;;Aprovado;Social G4
REELS_SKL_Senioridade;September 30, 2024 5:33 PM;Pedro Augusto;;Aprovado;Social G4
ADs_Motions_G4 TRACTION;September 30, 2024 5:47 PM;Pedro Augusto;;Cancelado;
REELS_SKL_Onboarding;September 30, 2024 7:20 PM;Pedro Augusto;09/10/2024;Aprovado;Social G4
[ONLINE] [ECO] Garantindo a Excelência no Pós Venda - Paula Pimenta;October 1, 2024 9:38 AM;Pedro Augusto;;Aprovado;Educação
[AFTERMOVIE] [ADAPTAÇÃO] Alumni;October 1, 2024 10:51 AM;Gui Juhas;;Cancelado;Matricial
PAPO DE GESTÃO_Misa;October 1, 2024 2:47 PM;Wilson Silva;;Aprovado;Podcast
REELS_Nardon_Níveis;October 1, 2024 3:15 PM;Gui Juhas;;Aprovado;Social G4
REELS_Tiro 1 — Aquecimento Valley;October 1, 2024 5:56 PM;Pedro Augusto;;Cancelado;Social G4
[ONLINE][Journey]T01_Checkpoint_I_Atracao_de_Talentos_Portugal;October 2, 2024 10:25 AM;Gui Juhas;;Aprovado;Educação
REELS_Nardon_IronMan;October 2, 2024 11:09 AM;Pedro Augusto;;Cancelado;Social G4
ADs_Misa_Out;October 2, 2024 4:31 PM;Gui Juhas;;Aprovado;
REELS_Teste Fernanda SKL;October 3, 2024 10:46 AM;Gui Juhas;;Aprovado;Social G4
ADs_AFTERMOVIE_GE;October 3, 2024 5:56 PM;Lucas Liberato;10/10/2024;Aprovado;
ADs_Aftermovie Traction;October 3, 2024 6:50 PM;Pedro Augusto;;Cancelado;
PAPO DE GESTÃO_RICHARD STAD (ARAMIS);October 4, 2024 12:27 PM;Lucas Liberato;;Aprovado;Podcast
[AFTERMOVIE] SEO SUMMIT;October 4, 2024 1:12 PM;Gui Juhas;02/12/2024;Aprovado;
ADs _ Paula Pimenta_ G4 Traction;October 4, 2024 1:30 PM;Gui Juhas;11/10/2024;Aprovado;
[ONLINE][GEMP] TURMA 06 - PLANEJAMENTO ESTRATÉGICO - DAVID LEDSON;October 4, 2024 2:22 PM;Pedro Augusto;;Aprovado;Educação
[ONLINE][GVD] turma 01 - pensamento estratégico - Rogério Vargas;October 4, 2024 2:31 PM;Pedro Augusto;;Aprovado;Educação
[AFTERMOVIE] Traction Exclusiva Journey T03;October 6, 2024 12:58 PM;Pedro Augusto;;Cancelado;Educação
[ONLINE][Journey] Checkpoint II - Atração e Seleção - Portugal ;October 8, 2024 10:03 AM;Gui Juhas;11/10/2024;Aprovado;Educação
EXTREMOS_EDUARDO CORREA;October 8, 2024 10:13 AM;Gui Juhas;10/10/2024;Aprovado;Podcast
[VALLEY] [MANIFESTO] TG + Misa;October 8, 2024 10:25 AM;Wilson Silva;;Cancelado;Matricial
[VALLEY] Manifesto - TG;October 8, 2024 10:29 AM;Wilson Silva;09/10/2024;Aprovado;Matricial
[VALLEY] [MANIFESTO] TG Palestrante;October 8, 2024 10:33 AM;Wilson Silva;14/10/2024;Aprovado;Matricial
REELS_SKL_Call center;October 8, 2024 1:47 PM;Gui Juhas;10/10/2024;Aprovado;Social G4
REELS_SKL_Perder funcionário;October 8, 2024 1:49 PM;Lucas Liberato;11/10/2024;Aprovado;Social G4
[REELS] [SKL] POV Feedback;October 8, 2024 2:31 PM;Pedro Augusto;16/10/2024;Aprovado;Social G4
[ONLINE] [ECO] Aula 9 - Crescimento sustentável de receita, Tiago Downsley;October 8, 2024 4:38 PM;Gui Juhas;09/10/2024;Aprovado;Educação
REELS_Pré-inscrição Valley;October 8, 2024 5:17 PM;Gui Juhas;09/10/2024;Aprovado;Social G4
[SCALE] [CONVITE] Live Relançamento;October 8, 2024 5:50 PM;Gui Juhas;;Aprovado;Comunidades
[REELS] [NARDON] Maior_Fraqueza;October 9, 2024 10:12 AM;Lucas Liberato;;Aprovado;Social G4
[REELS] [NARDON] Tratar_bem;October 9, 2024 10:26 AM;Lucas Liberato;;Aprovado;Social G4
[YOUTUBE] [G4 EDUCAÇÃO] TIGRINHO E BETS;October 9, 2024 4:36 PM;Pedro Augusto;16/10/2024;Aprovado;Youtube G4
[YOUTUBE] [G4 EDUCAÇÃO] VIDEO APPLE;October 9, 2024 4:47 PM;Wilson Silva;24/10/2024;Aprovado;Youtube G4
Transmissão Gravada_Treinamento Vitacom;October 10, 2024 1:55 PM;Gui Juhas;;Aprovado;
[REELS] [NARDON] Cobrar_o_time;October 10, 2024 2:33 PM;Raffaella Lima;15/10/2024;Aprovado;Social G4
[REELS] [NARDON] Jogo do tigrinho;October 10, 2024 2:50 PM;Pedro Augusto;;Cancelado;Social G4
[Journey] Turma 1 - Gestão de Carreira e Desenvolvimento - Marcela Zaidem;October 10, 2024 3:06 PM;Raffaella Lima;11/10/2024;Aprovado;Educação
[REELS] [NARDON] Não_espere_gratidão;October 10, 2024 3:10 PM;Raffaella Lima;17/10/2024;Aprovado;Social G4
[REELS] [NARDON] Frugal;October 10, 2024 4:24 PM;Lucas Liberato;;Aprovado;Social G4
[REELS] [SKILLS] Matriz GUT;October 10, 2024 5:19 PM;Gui Juhas;16/10/2024;Aprovado;Social G4
[ADs] [ON] [GEMP] Mariah | 01;October 10, 2024 6:09 PM;Gui Juhas;;Aprovado;Educação
[ADs] [ON] [GEMP] Mariah | 02;October 10, 2024 6:10 PM;Gui Juhas;;Aprovado;Educação
[ADs] [ON] [GEMP] Mariah | 03;October 10, 2024 6:10 PM;Gui Juhas;;Aprovado;Educação
[ADs] [ON] [GEMP] Mariah | 04;October 10, 2024 6:10 PM;Gui Juhas;;Aprovado;Educação
[ADs] [ON] [GEMP] Mariah | 05;October 10, 2024 6:10 PM;Gui Juhas;;Aprovado;Educação
[ADs] [ON] [GEMP] Mariah | 06;October 10, 2024 6:10 PM;Gui Juhas;;Aprovado;Educação
[ADs] [ON] [GEMP] Mariah | 07;October 10, 2024 6:10 PM;Gui Juhas;;Aprovado;Educação
[ADs] [ON] [GEMP] Mariah | 08;October 10, 2024 6:10 PM;Gui Juhas;;Aprovado;Educação
[ADs] [ON] [GEMP] Mariah | 09;October 10, 2024 6:10 PM;Gui Juhas;;Aprovado;Educação
[ADs] [ON] [GEMP] Mariah | 10;October 10, 2024 6:10 PM;Gui Juhas;;Aprovado;Educação
[ADs] [ON] [GEMP] Mariah | 11;October 10, 2024 6:11 PM;Gui Juhas;;Aprovado;Educação
[ADs] [ON] [GEMP] Mariah | 12;October 10, 2024 6:11 PM;Gui Juhas;;Aprovado;Educação
[ADs Videoselfie] Misa | Valley - Anúncio 1;October 10, 2024 8:31 PM;Raffaella Lima;;Aprovado;Matricial
[ADs Videoselfie] Misa | Valley - Anúncio 2;October 10, 2024 8:40 PM;Raffaella Lima;;Aprovado;Matricial
[ADs Videoselfie] Misa | Valley - Anúncio 3;October 10, 2024 8:40 PM;Raffaella Lima;;Aprovado;Matricial
[ADs Videoselfie] Misa | Valley - Anúncio 4;October 10, 2024 8:40 PM;Raffaella Lima;;Aprovado;Matricial
[ADs Videoselfie] Misa | Valley - Anúncio 5;October 10, 2024 8:40 PM;Raffaella Lima;;Aprovado;Matricial
[REELS] [NARDON] Apple Watch;October 11, 2024 2:08 PM;Lucas Liberato;24/10/2024;Aprovado;Social G4
[PODCAST] [EXTREMOS] Rafael Stark;October 11, 2024 2:15 PM;Raffaella Lima;22/10/2024;Aprovado;Podcast
[ONLINE][GEMP] Case -Tomada de decisão - turma 06;October 11, 2024 2:59 PM;Gui Juhas;14/10/2024;Aprovado;Educação
[ONLINE][GEMP] Aula Tomada de Decisão - turma 06 - Rogério Vargas;October 11, 2024 3:04 PM;Gui Juhas;14/10/2024;Aprovado;Educação
[ONLINE]  [GVD]Pensamento Estratégico - turma 01 - Rogério Vargas;October 11, 2024 3:24 PM;Gui Juhas;15/10/2024;Aprovado;Educação
[ONLINE][GT] Aula Liderança - turma 06 - Vitor Peçanha;October 11, 2024 3:32 PM;Pedro Augusto;17/10/2024;Aprovado;Educação
[PODCAST] [PAPO DE GESTÃO] ALE FRANKEL;October 11, 2024 3:34 PM;Raffaella Lima;17/10/2024;Aprovado;Podcast
[REELS] [G4] Abertura Valley;October 12, 2024 4:47 PM;Wilson Silva;14/10/2024;Aprovado;Social G4
[REELS] [G4] Adibe | Valley 2023;October 13, 2024 6:59 PM;Wilson Silva;;Cancelado;Social G4
[REELS] [G4] Ícaro, Sobral e Denner | Valley 2023;October 13, 2024 7:02 PM;Wilson Silva;;Cancelado;Social G4
[REELS] [G4] Paulo Guedes | Valley 2023;October 13, 2024 7:07 PM;Wilson Silva;;Cancelado;Social G4
[REELS] [G4] Feedback 3Cs (Revisão);October 13, 2024 7:42 PM;Pedro Augusto;29/10/2024;Aprovado;Social G4
[REELS] [G4] Conversa difícil - GROW;October 13, 2024 7:55 PM;Pedro Augusto;29/10/2024;Aprovado;Social G4
[REELS] [G4] Demitir alguém;October 13, 2024 8:06 PM;Pedro Augusto;25/10/2024;Aprovado;Social G4
[REELS] [G4] Chiquinho Sorvetes;October 13, 2024 9:15 PM;Wilson Silva;;Cancelado;Social G4
[REELS] [G4] Bolacha diamante;October 13, 2024 11:12 PM;Wilson Silva;28/10/2024;Aprovado;Social G4
[YOUTUBE] [TG] ONE DAY GRAVAÇÃO VALLEY;October 14, 2024 10:07 AM;Lucas Liberato;;Aprovado;
[AFTERMOVIE] Scale T04BM13;October 14, 2024 11:19 AM;Lucas Liberato;11/11/2024;Aprovado;Comunidades
[CASE] [CLUB] Laurence Tataren;October 14, 2024 12:42 PM;Wilson Silva;;Aprovado;Comunidades
[PODCAST] [G4 Podcasts] Marcelo Abritta (Buser) - Top 5;October 14, 2024 1:29 PM;Gui Juhas;16/10/2024;Aprovado;Podcast
[REELS] [SKILLS] Demissão;October 14, 2024 1:29 PM;Wilson Silva;18/10/2024;Aprovado;Social G4
[PODCAST] [G4 Podcasts] Monica Hauck | Top5;October 14, 2024 1:33 PM;Raffaella Lima;24/10/2024;Aprovado;Podcast
[REELS] [SKILLS] Empresas Disruptivas;October 14, 2024 1:50 PM;Gui Juhas;24/10/2024;Aprovado;Social G4
[ADs] [Corporativo] [G4 Valley] MISA - Anúncio 1;October 14, 2024 6:16 PM;Gui Juhas;15/10/2024;Aprovado;Matricial
[ADs] [Corporativo] [G4 Valley] MISA - Anúncio 2;October 14, 2024 6:19 PM;Gui Juhas;15/10/2024;Aprovado;Matricial
[ADs] [Corporativo] [G4 Valley] MISA - Anúncio 3;October 14, 2024 6:19 PM;Gui Juhas;15/10/2024;Aprovado;Matricial
[ADs] [Corporativo] [G4 Valley] MISA - Anúncio 4;October 14, 2024 6:19 PM;Gui Juhas;15/10/2024;Aprovado;Matricial
[ADs] [Corporativo] [G4 Valley] MISA - Anúncio 5;October 14, 2024 6:19 PM;Gui Juhas;15/10/2024;Aprovado;Matricial
[ONLINE][MON] Monitoria Escala de negócios e Franquias - Guilherme Lippert;October 15, 2024 11:15 AM;Gui Juhas;21/10/2024;Aprovado;Educação
[ONLINE]Journey - Checkpoint I - Gestão de Carreira e Desenvolvimento - Cleonildo - Turma 1;October 15, 2024 1:31 PM;Raffaella Lima;18/10/2024;Aprovado;Educação
[REELS] [G4] Teaser Youtube;October 16, 2024 1:06 PM;Wilson Silva;17/10/2024;Aprovado;Social G4
[ONLINE] [Ecossistema de Vendas] Turma 01;October 16, 2024 4:45 PM;Raffaella Lima;21/10/2024;Aprovado;Educação
[ONLINE][GEMP] turma 06CASE FINANÇAS EMPRESARIAIS - GUSTAVO MARTINS;October 17, 2024 9:32 AM;Gui Juhas;22/10/2024;Aprovado;Educação
[ONLINE][GEMP] turma 06 AULA finanças empresariais - gustavo martins;October 17, 2024 9:47 AM;Gui Juhas;20/10/2024;Aprovado;Educação
[EDIÇÃO] [SCALE] GRAVAÇÃO AULA DO GIOVANNI COLACICCO;October 17, 2024 10:56 AM;Wilson Silva;28/10/2024;Aprovado;Comunidades
[ONLINE][GVD] TURMA 01 - GESTÃO DE ESTOQUE - GUSTAVO MARTINS;October 17, 2024 11:14 AM;Lucas Liberato;28/10/2024;Aprovado;Educação
[ONLINE][GVD] Aula Extra com Hugo Mercanti;October 17, 2024 11:22 AM;Lucas Liberato;24/10/2024;Aprovado;Educação
[REELS] [G4] Teaser TG e Misa;October 17, 2024 2:26 PM;Wilson Silva;17/10/2024;Aprovado;Social G4
[REELS] [G4] Teaser TG e Misa 1;October 17, 2024 2:30 PM;Wilson Silva;17/10/2024;Aprovado;Social G4
[ONLINE] [Ecossistema de Vendas] Turma 01;October 17, 2024 3:31 PM;Raffaella Lima;17/10/2024;Aprovado;Educação
[ONLINE] [Ecossistema de Vendas] Turma 01;October 17, 2024 3:32 PM;Raffaella Lima;17/10/2024;Aprovado;Educação
[SKL] EDIÇÃO VSL ;October 17, 2024 4:07 PM;Raffaella Lima;31/10/2024;Aprovado;Educação
[ADS] [SKILLS] Mariah Lead (Edit. Freela);October 17, 2024 4:09 PM;Gui Juhas;;Aprovado;
[LIVE] [SCALE] LIVE DE APRESENTAÇÃO DO NOVO SCALE PARA LEADS;October 17, 2024 6:23 PM;Gui Juhas;22/10/2024;Aprovado;Comunidades
[REELS] [Nardon] Visita aos alunos 01;October 18, 2024 11:05 AM;Gui Juhas;18/10/2024;Aprovado;Social G4
[REELS] [G4] Corte de conteúdo Valley23 - Paulo Guedes;October 18, 2024 11:40 AM;Wilson Silva;21/10/2024;Aprovado;Social G4
[REELS] [G4] Corte de conteúdo Valley23 - Adibe;October 18, 2024 11:42 AM;Wilson Silva;18/10/2024;Aprovado;Social G4
[REELS] [G4] Lacoste;October 18, 2024 4:14 PM;Raffaella Lima;29/10/2024;Aprovado;Social G4
[REELS] [G4] Por que os atletas ganham tão pouco?;October 18, 2024 4:49 PM;Wilson Silva;;Aprovado;Social G4
[REELS] [G4] Logos simplificados;October 18, 2024 5:10 PM;Wilson Silva;13/12/2024;Aprovado;Social G4
[REELS] [G4] Efeito Osborn;October 18, 2024 5:28 PM;Pedro Augusto;16/12/2024;Aprovado;Social G4
 [REELS] [TALLIS] Reels One Day TG;October 18, 2024 5:35 PM;Pedro Augusto;18/10/2024;Aprovado;
[REELS] [G4] Marc Lore;October 18, 2024 5:36 PM;Wilson Silva;17/12/2024;Aprovado;Social G4
[REELS] [Nardon] Visita aos alunos 02;October 18, 2024 6:34 PM;Gui Juhas;18/10/2024;Aprovado;Social G4
[REELS] [TALLIS] Henry Poole - Parte 1;October 21, 2024 9:24 AM;Pedro Augusto;21/10/2024;Aprovado;
[REELS][CLUB]- Projeto Club V2 - Membro Cézar Haik;October 21, 2024 4:29 PM;Wilson Silva;24/10/2024;Aprovado;Social G4
[YOUTUBE] [G4 EDUCAÇÃO] VÍDEO CAZETV;October 21, 2024 5:03 PM;Lucas Liberato;01/11/2024;Aprovado;Youtube G4
[MENTOR MANIA] [MATRICIAL] DENER LIPPERT;October 21, 2024 6:20 PM;Wilson Silva;29/10/2024;Aprovado;Matricial
[ADs] [MATRICIAL] [VALLEY] TALLIS GOMES;October 22, 2024 2:01 PM;Gui Juhas;24/10/2024;Aprovado;Matricial
[PODCAST] [EXTREMOS] Samer Agi;October 22, 2024 2:32 PM;Gui Juhas;29/10/2024;Aprovado;Podcast
[PODCAST] [PAPO DE GESTÃO] Berthier Ribeiro Neto;October 22, 2024 3:28 PM;Raffaella Lima;29/11/2024;Aprovado;Podcast
[CASE] [G4 VALLEY] Anderson Ferreira;October 22, 2024 5:50 PM;Pedro Augusto;;Cancelado;Educação
[REELS] [TALLIS] Henry Poole - Parte 2;October 23, 2024 2:22 AM;Pedro Augusto;23/10/2024;Aprovado;
[REELS] [CLUB] Divulgação G4 Class 13;October 23, 2024 9:30 AM;Wilson Silva;24/10/2024;Aprovado;Social G4
[CASE] [G4 VALLEY] Caio de João (Countdown 3˚ Dia);October 23, 2024 10:49 AM;Lucas Liberato;;Cancelado;Matricial
[REELS] [G4] Robert O'Neill;October 23, 2024 11:08 AM;Lucas Liberato;24/10/2024;Aprovado;Social G4
"[ONLINE][GVD] Aula Alexandre Nogueira & Igor Savoia
Vendas E-commerce";October 23, 2024 7:28 PM;Raffaella Lima;29/10/2024;Aprovado;Educação
[ONLINE][GEMP]turma 06 - vendas estratégicas - Ricardo Corrêa;October 23, 2024 7:40 PM;Raffaella Lima;28/10/2024;Aprovado;Educação
[ONLINE][GEMP] Turma 06 - Case - Vendas estratégicas;October 23, 2024 7:47 PM;Gui Juhas;28/10/2024;Aprovado;Educação
[REELS] [G4] Richard Stad;October 24, 2024 10:29 AM;Pedro Augusto;24/10/2024;Aprovado;Social G4
[PODCAST] [PAPO DE GESTÃO] Pedro Bartelle;October 24, 2024 10:57 AM;Raffaella Lima;25/10/2024;Aprovado;Podcast
[ADs] [Matricial] [valley] Rogério Ribeiro;October 24, 2024 11:31 AM;Gui Juhas;;Aprovado;Matricial
[Gestão] [Journey] 1 - Promoção ou Demissão - Victor Popper;October 24, 2024 2:12 PM;Raffaella Lima;;Aprovado;Educação
[ADS] [SKILLS] Depoimentos (Edit. Freela);October 24, 2024 3:33 PM;Gui Juhas;;Aprovado;
[Gestão] [Journey] Turma 1 - Checkpoint II - Gestão de Carreira e Desenvolvimento - Cleonildo;October 24, 2024 3:46 PM;Raffaella Lima;;Aprovado;Educação
[ONLINE][GT]Turma 06 Gestão de processos - leonardo Dirickson;October 24, 2024 5:39 PM;Gui Juhas;25/10/2024;Aprovado;Educação
[REELS] [G4] Guilherme Benchimol;October 24, 2024 6:09 PM;Gui Juhas;25/10/2024;Aprovado;Social G4
[REELS] [G4] Monica Hauk;October 24, 2024 6:09 PM;Gui Juhas;29/10/2024;Aprovado;Social G4
[REELS] [G4] Mate Pencz;October 24, 2024 6:11 PM;Pedro Augusto;;Cancelado;Social G4
[REELS] [G4] Icaro de Carvalho;October 24, 2024 6:12 PM;Gui Juhas;30/10/2024;Aprovado;Social G4
[REELS] [G4] Kyra Gracie;October 24, 2024 6:12 PM;Wilson Silva;30/10/2024;Aprovado;Social G4
[ADs] [Matricial] [Valley] Marcelo 01;October 24, 2024 6:33 PM;Gui Juhas;;Aprovado;Matricial
[ADs] [Matricial] [Valley] Marcelo 02;October 24, 2024 6:41 PM;Gui Juhas;;Aprovado;Matricial
[REELS] [G4] VALLEY SOLDOUT;October 25, 2024 10:30 AM;Wilson Silva;29/10/2024;Aprovado;Matricial
[ONLINE][GT] Turma 06 Gestão de Projetos - Victor Meireles;October 25, 2024 1:35 PM;Gui Juhas;30/10/2024;Aprovado;Educação
[ONLINE][GVD] MarketPlace Magalu - Turma 01;October 25, 2024 6:03 PM;Gui Juhas;30/10/2024;Aprovado;Educação
[G4 Valley] Recuperação de carrinho - MISA;October 28, 2024 10:20 AM;Gui Juhas;;Aprovado;Matricial
[Club] [Trilha de Desenv. Pessoal_ Aula Eslen] ;October 28, 2024 4:49 PM;Gui Juhas;;Aprovado;Comunidades
[PODCAST] - G4 Podcast - Especial Black Friday - Victor Popper;October 28, 2024 7:04 PM;Gui Juhas;31/10/2024;Aprovado;Podcast
[REELS] [G4] Corte Youtube — Apple;October 29, 2024 11:26 AM;Pedro Augusto;30/10/2024;Aprovado;Social G4
[Gravação e Edicão - Case Fabio Maycon] [Produtos Presenciais] Case Fabio Maycon;October 29, 2024 11:46 AM;Amanda Rui;;Cancelado;
[PODCAST] Papo de Gestão - Marco França;October 29, 2024 1:02 PM;Pedro Augusto;01/11/2024;Aprovado;Podcast
[PODCAST] EXTREMOS - MOTORGRID;October 29, 2024 3:29 PM;Gui Juhas;05/11/2024;Aprovado;Podcast
[REELS] [NARDON] Demandar;October 29, 2024 7:00 PM;Raffaella Lima;;Cancelado;Social G4
[REELS] [NARDON] Decisões;October 30, 2024 12:39 PM;Raffaella Lima;05/11/2024;Aprovado;Social G4
[CASE] [G4 VALLEY] Ruan Augusto (Countdown 3˚ Dia);October 30, 2024 6:03 PM;Lucas Liberato;;Cancelado;Matricial
[REELS] [G4] Eslen Delanogare - Valley24;October 30, 2024 6:12 PM;Pedro Augusto;02/11/2024;Aprovado;Social G4
[REELS] [G4] Napole - Valley24;October 30, 2024 6:23 PM;Pedro Augusto;12/11/2024;Aprovado;Social G4
[REELS] [G4] Winston Ling - Valley24;October 30, 2024 6:41 PM;Wilson Silva;01/11/2024;Aprovado;Social G4
[REELS] [G4] Zolko - Valley24;October 30, 2024 7:13 PM;Gui Juhas;01/11/2024;Aprovado;Social G4
[REELS] [G4] Dener - Valley24;October 30, 2024 7:14 PM;Gui Juhas;01/11/2024;Aprovado;Social G4
[REELS] [G4] Gabriel Bold - Valley24;October 31, 2024 12:21 PM;Gui Juhas;01/11/2024;Aprovado;Social G4
[REELS] [G4] Mariane Supley - Valley24;October 31, 2024 12:24 PM;Pedro Augusto;02/11/2024;Aprovado;Social G4
[REELS] [G4] CORTE YOUTUBE;October 31, 2024 6:25 PM;Lucas Liberato;31/10/2024;Aprovado;Social G4
[CURSO] [Edição_GVD_Magalu] Turma 01;November 1, 2024 11:25 AM;Pedro Augusto;05/11/2024;Aprovado;Educação
[Gestão] [Journey] Checkpoint II - Promoção ou Demissão? Turma 1;November 1, 2024 3:33 PM;Raffaella Lima;;Aprovado;Educação
[Gestão] [GT] T06 Gestão Financeira - Gustavo Martins;November 1, 2024 4:34 PM;Raffaella Lima;;Aprovado;Educação
[Gestão] [Gemp] T06 Estratégia de Produto;November 1, 2024 4:44 PM;Pedro Augusto;07/11/2024;Aprovado;Educação
[VINHETAS] [CLUB] CLASS 13;November 4, 2024 9:18 AM;Wilson Silva;;Aprovado;Comunidades
[REELS] [TALLIS] Média de idade;November 4, 2024 3:34 PM;Gui Juhas;;Cancelado;Social G4
[REELS] [TALLIS] Fome de crescimento;November 4, 2024 3:51 PM;Pedro Augusto;07/11/2024;Aprovado;
[REELS] [TALLIS] Conversa com Deus;November 4, 2024 3:54 PM;Pedro Augusto;05/11/2024;Aprovado;
[REELS] [TALLIS] Como ser respeitado;November 4, 2024 3:57 PM;Gui Juhas;;Cancelado;Social G4
[REELS] [TALLIS] Distância entre R$ 1k e R$ 100 Mi;November 4, 2024 3:59 PM;Gui Juhas;;Cancelado;Social G4
[REELS] [G4] Rapha Avellar - Valley24;November 4, 2024 9:11 PM;Gui Juhas;;Cancelado;Social G4
[REELS] [G4] Adibe - Valley24;November 4, 2024 9:28 PM;Gui Juhas;;Cancelado;Social G4
[YOUTUBE] [G4 EDUCAÇÃO] Vídeo OXXO;November 5, 2024 8:57 AM;Gui Juhas;07/11/2024;Aprovado;Youtube G4
[CLUB] [AULA] [ILANA BERENHOLC] Posicionamento de Alto Impacto;November 5, 2024 10:48 AM;Gui Juhas;19/11/2024;Aprovado;Comunidades
[PODCAST] [VOX Luminis] - Hap Klopp;November 5, 2024 11:25 AM;Gui Juhas;05/11/2024;Aprovado;Podcast
[CORTE DE VÍDEO] [PROGRAMAS DE GESTÃO] AULA ONLINE TRACTION;November 5, 2024 1:10 PM;Gui Juhas;05/11/2024;Aprovado;
[YOUTUBE] [TG] Islândia;November 5, 2024 2:46 PM;Pedro Augusto;;Aprovado;
[G4 VALLEY] [Cortes para rodarmos depoimentos];November 5, 2024 2:53 PM;Raffaella Lima;07/11/2024;Aprovado;Matricial
[CASE] [G4 VALLEY] Marcelo Merlo;November 5, 2024 5:37 PM;;;Cancelado;Educação
[ADS] [IM] VIDEOSELFIE TG;November 6, 2024 8:55 AM;Raffaella Lima;07/11/2024;Aprovado;
[PODCAST] [G4 Podcasts] - Black Friday - Ep2;November 6, 2024 10:30 AM;Gui Juhas;07/11/2024;Aprovado;Podcast
[VÍDEO DE ABERTURA] [CLUB] CLASS 13;November 6, 2024 11:25 AM;Wilson Silva;;Aprovado;Comunidades
[PODCAST] [PAPO DE GESTÃO] - Paula Pimenta;November 6, 2024 1:16 PM;Gui Juhas;08/11/2024;Aprovado;Podcast
[Gestão] [GEMP] Turma 06 - Cultura na Prática com Marcela Zaidem;November 6, 2024 2:16 PM;Raffaella Lima;;Aprovado;Educação
[Gestão] [Journey] T01 - Checkpoint II - Promoção ou Demissão com Cleonildo Scarabello;November 6, 2024 2:52 PM;Raffaella Lima;;Aprovado;Educação
[ADs] [G4 Valley] Tallis Gomes;November 6, 2024 4:50 PM;Gui Juhas;;Aprovado;Matricial
[PODCAST] [EXTREMOS] RODRIGO BARROS (Boali);November 6, 2024 6:58 PM;Pedro Augusto;12/11/2024;Aprovado;Podcast
[ADS] [IM] [TRACTION] AJUSTE DE VÍDEO;November 6, 2024 9:15 PM;Raffaella Lima;;Aprovado;
[PODCAST] [VOX LUMINIS] [Hap Klopp] Leg.;November 7, 2024 10:16 AM;Gui Juhas;12/11/2024;Aprovado;Podcast
[Transmissão] [Produto] Mentoria ao vivo com Fred Trajano e Alfredo Soares;November 7, 2024 3:25 PM;Amanda Rui;;Cancelado;Matricial
[Gestão] [Journey] T01 - Liderança com Cleonildo Scarabello;November 7, 2024 4:36 PM;Raffaella Lima;;Aprovado;Educação
[ADs] [Online] [Valley] TG;November 8, 2024 11:29 AM;Gui Juhas;08/11/2024;Aprovado;Educação
[ADS] [CORP] [JV] ;November 8, 2024 11:48 AM;Gui Juhas;08/11/2024;Aprovado;Matricial
[COHORT] [GT] [T06] [David Ledson] Gestão de Pessoas;November 8, 2024 1:51 PM;Lucas Liberato;;Aprovado;Educação
[PROFISSIONAIS] [MARKETING & GROWTH] Turma 40;November 8, 2024 3:29 PM;Amanda Rui;;Aprovado;
[ADs] [SALA SECRETA] [ZAMBI] [6];November 11, 2024 11:09 AM;Gui Juhas;12/11/2024;Aprovado;Educação
[ADs] [VALLEY] [ALFREDO] [6];November 11, 2024 4:01 PM;Lucas Liberato;;Aprovado;Matricial
[ADs] [GEMP] [RIEDO] Re-Edição [3];November 11, 2024 4:44 PM;Wilson Silva;12/11/2024;Aprovado;Educação
[ADs] [G4 Valley] [TG] [3];November 11, 2024 4:46 PM;Gui Juhas;14/11/2024;Aprovado;Matricial
[ADs] [VALLEY] [NARDON] [8];November 11, 2024 4:48 PM;Gui Juhas;14/11/2024;Aprovado;Matricial
[MANIFESTO] [VALLEY] [TG] Online;November 11, 2024 5:23 PM;Gui Juhas;;Aprovado;Matricial
[VÍDEO NOMINAL] [VALLEY] [TG] Presencial;November 11, 2024 5:43 PM;Lucas Liberato;14/11/2024;Aprovado;Matricial
[CLUB] [CLASS 13] Corte palestras | Mentor;November 11, 2024 5:48 PM;Wilson Silva;;Aprovado;Comunidades
[ADS] [IM] [G4 Traction] Bruno Nardon;November 11, 2024 6:02 PM;;;Cancelado;
[ADS 1] [IM] [G4 Traction] Bruno Nardon;November 11, 2024 6:06 PM;;;Cancelado;
[ADS 1] [IM] [GE] Bruno Nardon;November 11, 2024 6:21 PM;;;Cancelado;
[ADS 2] [IM] [GE] Bruno Nardon;November 11, 2024 6:23 PM;;;Cancelado;
[ADS 3] [IM] [GE] Bruno Nardon;November 11, 2024 6:23 PM;;;Cancelado;
[ADS 4] [IM] [GE] Bruno Nardon;November 11, 2024 6:23 PM;;;Cancelado;
[ADS 5] [IM] [GE] Bruno Nardon;November 11, 2024 6:24 PM;;;Cancelado;
[ADS 6] [IM] [GE] Bruno Nardon;November 11, 2024 6:24 PM;;;Cancelado;
[FAQ] [JOURNEY 3] Plataforma;November 11, 2024 6:33 PM;Gustavo Cairo;;Aprovado;Educação
[REELS] [NARDON] Resolução_bandaid;November 11, 2024 7:14 PM;Raffaella Lima;14/11/2024;Aprovado;Social G4
[JOURNEY] [GESTÃO] T01 Checkpoint I | Liderança | Marcela Zaidem;November 12, 2024 10:50 AM;Gui Juhas;19/11/2024;Aprovado;Educação
[COHORT] [GEMP] T06 - Aula Extra - Vendas com Jonathan Souza;November 12, 2024 11:41 AM;Raffaella Lima;;Aprovado;Educação
[PODCAST] [PAPO DE GESTÃO] FLAVIA MOLINA;November 12, 2024 4:15 PM;Raffaella Lima;14/11/2024;Aprovado;Podcast
[REELS] [NARDON] Mediocridade;November 12, 2024 6:07 PM;Lucas Liberato;;Aprovado;Social G4
[MATRICIAL] [G4 VALLEY] Vinhetas Presencial;November 13, 2024 10:32 AM;Wilson Silva;;Aprovado;Matricial
[MATRICIAL] [G4 VALLEY] Vinhetas Online;November 13, 2024 10:41 AM;Gui Juhas;;Aprovado;Matricial
[OOH] [VALLEY] Aeroporto Congonhas;November 13, 2024 10:49 AM;Gui Juhas;;Aprovado;Matricial
[REELS] [SKILLS] Empresas disruptivas;November 13, 2024 12:24 PM;Gui Juhas;19/11/2024;Aprovado;Social G4
[Gestão] [GEMP] T06 -  Gestão de processos com Victor Meireles;November 13, 2024 1:55 PM;Raffaella Lima;;Aprovado;Educação
[CURSO] [JOURNEY] Cx Nardon;November 13, 2024 2:17 PM;Raffaella Lima;17/12/2024;Aprovado;Educação
[SKILLS] [JOURNEY] TG | Onboading;November 13, 2024 2:39 PM;Gustavo Cairo;;Aprovado;Educação
[PODCAST] [PAPO DE GESTÃO] Allan Panossian;November 13, 2024 6:03 PM;Raffaella Lima;25/11/2024;Aprovado;Podcast
[CURSO]  Product Marketing;November 14, 2024 10:39 AM;Lucas Liberato;17/12/2024;Aprovado;Educação
[PODCAST] [EXTREMOS] Thiago Finch;November 18, 2024 11:22 AM;Pedro Augusto;19/11/2024;Aprovado;Podcast
[ADS] [JOURNEY] Depoimentos;November 18, 2024 11:24 AM;Gui Juhas;19/11/2024;Aprovado;Educação
[ADs] [G4 VALLEY] [INGRESSOS ONLINE] TG;November 18, 2024 4:50 PM;Pedro Augusto;;Aprovado;Matricial
[REELS] [SKILLS] PDI;November 18, 2024 5:59 PM;Wilson Silva;26/11/2024;Aprovado;Social G4
[REELS] [G4] [G4 VALLEY] 10 milhões;November 19, 2024 11:37 AM;Gustavo Cairo;19/11/2024;Aprovado;Social G4
[REELS] [G4] Palco G4;November 19, 2024 11:50 AM;Gustavo Cairo;;Cancelado;Social G4
[REELS] [G4] Custo benefício;November 19, 2024 2:03 PM;;;Cancelado;Social G4
[REELS] [G4] Corrida Pavilhão;November 19, 2024 2:31 PM;Gustavo Cairo;20/11/2024;Aprovado;Social G4
[VÍDEOS] [G4 VALEY] Aula de abertura - TG;November 19, 2024 3:20 PM;Raffaella Lima;26/11/2024;Aprovado;Matricial
[Gestão] [GT] T06 - Pensamento Estratégico - Rogério Vargas;November 19, 2024 5:44 PM;Lucas Liberato;26/11/2024;Aprovado;Educação
[REELS] [TALLIS] Nardon influencer;November 19, 2024 7:33 PM;Pedro Augusto;25/11/2024;Aprovado;
[COUNTDOWN] [G4 VALLEY] Depoimentos + fotos;November 20, 2024 9:40 AM;Gui Juhas;;Aprovado;Matricial
[PATROCINADORES] [G4 VALLEY] Presencial;November 20, 2024 10:41 AM;Gustavo Cairo;;Aprovado;Matricial
[PATROCINADORES] [G4 VALLEY] Online;November 20, 2024 10:41 AM;Gustavo Cairo;;Aprovado;Matricial
[CLUB] [AULA] Criação de Filhos | Carlos Arasaki;November 20, 2024 11:57 AM;Wilson Silva;;Aprovado;Comunidades
[JOURNEY] [T01] Checkpoint II | Liderança | Cleonildo Scarabello;November 21, 2024 11:46 AM;Lucas Liberato;28/11/2024;Aprovado;Educação
[REELS] [G4 EDUCAÇÃO] Curiosidades absurdas sobre o G4 Valley;November 21, 2024 12:03 PM;Gustavo Cairo;25/11/2024;Aprovado;Social G4
[YOUTUBE] [G4 EDUCAÇÃO] VÍDEO NETFLIX;November 25, 2024 4:36 PM;Pedro Augusto;;Aprovado;Youtube G4
[REELS] [NARDON] Líderes comem por último;November 25, 2024 5:46 PM;Raffaella Lima;29/11/2024;Aprovado;Social G4
[REELS] [G4] Dividir o sonho - Benchimol;November 25, 2024 6:22 PM;Gui Juhas;25/11/2024;Aprovado;Social G4
[REELS] [G4] Fênomeno Carmed;November 25, 2024 9:51 PM;Lucas Liberato;27/11/2024;Aprovado;Social G4
[CURSO] Fundamentos em Vendas;November 26, 2024 1:25 PM;Gustavo Cairo;31/01/2025;Aprovado;Educação
[REELS] [G4] Bom pelo ótimo Benchimol;November 26, 2024 3:52 PM;Lucas Liberato;;Aprovado;Social G4
[REELS] [G4] Chefe x Líder Benchimol;November 26, 2024 4:01 PM;Lucas Liberato;29/11/2024;Aprovado;Social G4
[REELS] [G4] Trabalho e família — Benchimol;November 26, 2024 4:15 PM;Lucas Liberato;29/11/2024;Aprovado;Social G4
[REELS] [TALLIS] O que o dinheiro não compra - BJJ;November 26, 2024 5:17 PM;Pedro Augusto;27/11/2024;Aprovado;
[REELS] [TALLIS] Rotina - BJJ;November 26, 2024 5:23 PM;Pedro Augusto;28/11/2024;Aprovado;
[REELS] [TALLIS] Pressão - BJJ;November 26, 2024 5:32 PM;Pedro Augusto;27/11/2024;Aprovado;
[ADs] [ON] [Black Friday]Tallis Gomes;November 26, 2024 5:39 PM;Gui Juhas;;Aprovado;Educação
[MATRICIAL][MENTOR MANIA] Gustavo Pagotto;November 26, 2024 5:55 PM;Wilson Silva;14/01/2025;Aprovado;Matricial
[REELS] [TALLIS] Consistência;November 26, 2024 6:18 PM;Pedro Augusto;03/12/2024;Aprovado;
[YOUTUBE] [TG] Corte de Aula Valley;November 26, 2024 6:31 PM;Gustavo Cairo;27/11/2024;Aprovado;
[REELS] [TALLIS] Treino x Luta;November 26, 2024 7:17 PM;Pedro Augusto;02/12/2024;Aprovado;
[REELS] [SKILLS] Tom Brady;November 27, 2024 10:29 AM;Raffaella Lima;29/11/2024;Aprovado;Social G4
[SALA SECRETA] Material vídeo Aula Gravada;November 27, 2024 11:14 AM;Gui Juhas;;Cancelado;Matricial
[REELS] [TALLIS] Conexões;November 27, 2024 12:00 PM;Pedro Augusto;04/12/2024;Aprovado;
[Black Friday] [ADS] Bruno Nardon;November 27, 2024 1:50 PM;Wilson Silva;;Aprovado;Educação
[REELS] [SKILLS] Demandas;November 27, 2024 1:50 PM;Raffaella Lima;29/11/2024;Aprovado;Social G4
[PODCAST] [EXTREMOS] GUE OLIVEIRA;November 27, 2024 1:55 PM;Lucas Liberato;28/11/2024;Aprovado;Podcast
[REELS] [G4] Cultura XP;November 27, 2024 2:02 PM;Wilson Silva;28/11/2024;Aprovado;Social G4
[REELS] [G4] 3 coisas bem feitas;November 27, 2024 2:11 PM;Lucas Liberato;29/11/2024;Aprovado;Social G4
[REELS] [G4] CEO Vendedor;November 27, 2024 2:20 PM;Wilson Silva;28/11/2024;Aprovado;Social G4
[REELS] [G4] Sucesso não aceita preguiça;November 27, 2024 2:33 PM;Lucas Liberato;;Aprovado;Social G4
[REELS] [G4] 3 vitórias — O'Neill;November 27, 2024 3:21 PM;Gustavo Cairo;29/11/2024;Aprovado;Social G4
[REELS] [G4] Estresse — O'Neill;November 27, 2024 3:36 PM;Gustavo Cairo;29/11/2024;Aprovado;Social G4
[REELS] [G4] Por que o cliente compra;November 27, 2024 3:48 PM;Lucas Liberato;;Aprovado;Social G4
[Vídeos] [P&D] Q&A - Yago Martins;November 27, 2024 5:26 PM;Gustavo Cairo;11/12/2024;Aprovado;Educação
[REELS] [TALLIS] Estresse é uma escolha;November 28, 2024 8:43 AM;Pedro Augusto;03/12/2024;Aprovado;
[REELS] [TALLIS] Treino;November 28, 2024 8:53 AM;Pedro Augusto;06/12/2024;Aprovado;
[ON] [FG4 Monitorias];November 28, 2024 9:09 AM;Raffaella Lima;02/12/2024;Aprovado;Educação
[REELS] [TALLIS] Inocentes e vilões;November 28, 2024 9:32 AM;Pedro Augusto;17/12/2024;Aprovado;
[ADs] [Online] [GEMP] Bruno Cunha;November 28, 2024 1:03 PM;Wilson Silva;03/12/2024;Aprovado;Educação
[CURSO] [Edição] Oratória Empresarial;November 28, 2024 1:17 PM;;;Cancelado;Educação
[ONLINE] Vídeo Downsell;November 28, 2024 2:09 PM;Wilson Silva;;Cancelado;Educação
[REELS] [NARDON] Conselho_Samer;November 28, 2024 3:42 PM;Lucas Liberato;02/12/2024;Aprovado;Social G4
[REELS] [NARDON] A gente vive de missão;November 29, 2024 2:37 PM;Lucas Liberato;;Aprovado;Social G4
[REELS] [NARDON] Xadrez de gente;November 29, 2024 2:51 PM;Pedro Augusto;03/12/2024;Aprovado;Social G4
[PODCAST] [EXTREMOS] WENDELL CARVALHO;December 2, 2024 10:40 AM;Wilson Silva;04/12/2024;Aprovado;Podcast
[PODCAST] [PAPO DE GESTÃO] ESPECIAL DE NATAL;December 2, 2024 11:33 AM;Gustavo Cairo;;Aprovado;Podcast
[YOUTUBE] [G4 EDUCAÇÃO] Musk vs Bezos;December 2, 2024 3:20 PM;Pedro Augusto;06/12/2024;Aprovado;Youtube G4
[REELS] [g4capital.vc] Apresentação G4 Capital;December 2, 2024 4:22 PM;;;Cancelado;Social G4
[REELS] [TALLIS] A escolha é sua;December 2, 2024 5:57 PM;Pedro Augusto;17/12/2024;Aprovado;
[REELS] [NARDON] Assimetrias;December 3, 2024 10:59 AM;Gustavo Cairo;06/12/2024;Aprovado;Social G4
[PODCAST] [GERAÇÃO G4] DR. VEIT;December 3, 2024 11:04 AM;Lucas Liberato;04/12/2024;Aprovado;Podcast
[ADS] [SKILLS] Nardon;December 3, 2024 11:14 AM;Gui Juhas;;Aprovado;
[Gravação Aula] [Pitch Cunha];December 3, 2024 11:21 AM;Wilson Silva;04/12/2024;Aprovado;Educação
[Produto] [Mentoria/Q&A com Fred Trajano & Alfredo Soares];December 3, 2024 12:40 PM;Gustavo Cairo;06/12/2024;Aprovado;Educação
[PODCAST] [G4 PODCASTS] VALLEY24 - FABIO NAZARI;December 3, 2024 1:49 PM;Wilson Silva;05/12/2024;Aprovado;Podcast
[ADs] [ON] [Formação G4] Zambi;December 3, 2024 3:41 PM;Gui Juhas;19/12/2024;Aprovado;Educação
[Corte Aula Online] [Club] Trilha de desenvolvimento Eslen Delanogare;December 3, 2024 3:49 PM;Wilson Silva;04/12/2024;Aprovado;Comunidades
[PODCAST] [PAPO DE GESTÃO] YAGO MARTINS;December 4, 2024 10:53 AM;Raffaella Lima;06/12/2024;Aprovado;Podcast
[REELS] [G4] Bate-bola Alfredo e Wendel Carvalho;December 4, 2024 11:22 AM;Wilson Silva;06/12/2024;Aprovado;Social G4
[REELS] [G4] Singapura;December 4, 2024 2:46 PM;Wilson Silva;13/12/2024;Aprovado;Social G4
[REELS] [G4] Bate-bola Alfredo e Fred Trajano;December 4, 2024 4:06 PM;Wilson Silva;06/12/2024;Aprovado;Social G4
[REELS] [G4] Gucci;December 4, 2024 6:09 PM;Wilson Silva;13/12/2024;Aprovado;Social G4
[REELS] [SKILLS] 4 conflitos;December 5, 2024 10:15 AM;Wilson Silva;11/12/2024;Aprovado;Social G4
[Bruno Nardon] [SalaSecreta] ;December 5, 2024 6:00 PM;Raffaella Lima;06/12/2024;Aprovado;Educação
[YOUTUBE] [TALLIS] One Day - Brasília;December 6, 2024 10:08 AM;Wilson Silva;06/12/2024;Aprovado;
[YOUTUBE] [NOME DO CANAL] DEMANDA;December 6, 2024 2:03 PM;;;Cancelado;Youtube G4
[REELS] [NARDON] Extremos - Finch;December 6, 2024 2:49 PM;Wilson Silva;16/12/2024;Aprovado;Social G4
[REELS] [NARDON] M&A ;December 6, 2024 3:08 PM;Pedro Augusto;13/12/2024;Aprovado;Social G4
[AFTERMOVIE] Sprints em Planejamento Estratégico;December 6, 2024 3:14 PM;Pedro Augusto;13/01/2025;Aprovado;
[AFTERMOVIE] Sprints AUMENTO DE RECEITA;December 6, 2024 3:16 PM;Gustavo Cairo;17/02/2025;Aprovado;
[VSL] [Online] [FG4] Matheus Zambinati;December 6, 2024 3:36 PM;Lucas Liberato;;Aprovado;Educação
[REELS] [G4] Entrevista na GE com o Nardon;December 6, 2024 6:00 PM;Wilson Silva;06/12/2024;Aprovado;Social G4
[YOUTUBE] [G4 EDUCAÇÃO] NIKE;December 6, 2024 6:13 PM;Pedro Augusto;13/12/2024;Aprovado;Youtube G4
[PODCAST] [EXTREMOS] Tiago Brunet;December 9, 2024 10:14 AM;Wilson Silva;11/12/2024;Aprovado;Podcast
[REELS] [G4] Entrevista na GE com o Nardon 2;December 9, 2024 10:52 AM;Wilson Silva;13/12/2024;Aprovado;Social G4
[AFTERMOVIE] Confraternização Scale ;December 9, 2024 11:25 AM;Gustavo Cairo;;Aprovado;Comunidades
[PODCAST] [VOX LUMINIS] ROBERT O’NEIL;December 9, 2024 4:44 PM;Gustavo Cairo;11/12/2024;Aprovado;Podcast
[REELS] [G4] Quando o c* aperta…;December 9, 2024 5:37 PM;Wilson Silva;11/12/2024;Aprovado;Social G4
[PODCAST] [PAPO DE GESTÃO] ANO NOVO;December 9, 2024 6:22 PM;Gustavo Cairo;19/12/2024;Aprovado;Podcast
[PODCAST] [EXTREMOS] NATAL;December 9, 2024 6:23 PM;Gustavo Cairo;;Aprovado;Podcast
[PODCAST] [PAPO DE GESTÃO] DENER LIPPERT;December 9, 2024 6:26 PM;Gustavo Cairo;12/12/2024;Aprovado;Podcast
[PODCAST] [EXTREMOS] LEANDRO LADEIRA;December 9, 2024 6:27 PM;Gustavo Cairo;17/12/2024;Aprovado;Podcast
[PODCAST] [G4 PODCASTS] HENRI;December 9, 2024 6:29 PM;Gustavo Cairo;18/12/2024;Aprovado;Podcast
[PODCAST] [VOX LUMINIS] BENCHIMOL (INCOMPLETO);December 9, 2024 6:29 PM;Gustavo Cairo;;Cancelado;Podcast
[PODCAST] [G4 PODCASTS] JULIAN TONIOLI;December 9, 2024 6:30 PM;Gui Juhas;19/12/2024;Aprovado;Podcast
[PODCAST] [G4 PODCASTS] DAVID LEDSON;December 9, 2024 6:31 PM;Gustavo Cairo;;Aprovado;Podcast
[PODCAST] [PAPO DE GESTÃO] MARIANE MORELLI (INCOMPLETO);December 9, 2024 6:33 PM;Gustavo Cairo;;Cancelado;Podcast
[PODCAST] [VOX LUMINIS] EDGARD CORONA;December 9, 2024 6:34 PM;Gustavo Cairo;;Aprovado;Podcast
[PODCAST] [EXTREMOS] BRUNO PERINI (INCOMPLETO);December 9, 2024 6:36 PM;Gustavo Cairo;;Cancelado;Podcast
[WEBMEETING] [CORP.] AULA ESPECIAL COM JULIAN TONIOLI;December 9, 2024 9:16 PM;Gui Juhas;;Aprovado;Matricial
[MONITORIA] [Nova Formação G4] - Aulas Ao vivo;December 10, 2024 10:41 AM;Gustavo Cairo;11/12/2024;Aprovado;Educação
[REELS] [SKILLS] Primeiros 30 dias;December 10, 2024 4:00 PM;Gui Juhas;19/12/2024;Aprovado;Social G4
[REELS] [SKILLS] Problema vs. Solução;December 10, 2024 4:36 PM;Gui Juhas;13/12/2024;Aprovado;Social G4
[REELS] [SKILLS] 3 principais erros;December 10, 2024 4:53 PM;Gui Juhas;16/12/2024;Aprovado;Social G4
[REELS] [TALLIS] Vlog TG em Brasília;December 10, 2024 5:28 PM;Pedro Augusto;13/12/2024;Aprovado;
[REELS] [SKILLS] Funcionário briguento;December 10, 2024 5:44 PM;Gui Juhas;;Cancelado;Social G4
[REELS] [TALLIS] Eleições 2026;December 10, 2024 5:52 PM;Pedro Augusto;16/12/2024;Aprovado;
[Vídeos] [P&D] Longitude - Perguntas e Respostas | Jon;December 10, 2024 6:00 PM;Gui Juhas;;Aprovado;Educação
[REELS] [TALLIS] Marçal e Jojo Todynho;December 10, 2024 6:04 PM;Pedro Augusto;19/12/2024;Aprovado;
[REELS] [SKILLS] Framework 70/20/10;December 10, 2024 6:15 PM;Gui Juhas;17/12/2024;Aprovado;Social G4
[REELS] [TALLIS] Não existe elogio mais sincero que o dinheiro;December 10, 2024 6:25 PM;Pedro Augusto;;Aprovado;
[REELS] [TALLIS] Valores do G4;December 10, 2024 6:44 PM;Pedro Augusto;19/12/2024;Aprovado;
[REELS] [TALLIS] TG sobre Musk;December 10, 2024 6:59 PM;Pedro Augusto;19/12/2024;Aprovado;
[REELS] [NARDON] Agenda lotada;December 10, 2024 8:19 PM;Gustavo Cairo;13/12/2024;Aprovado;Social G4
[REELS] [SKILLS] Gestor bombeiro;December 10, 2024 9:48 PM;Gui Juhas;18/12/2024;Aprovado;Social G4
[REELS] [SKILLS] Demita 30%;December 10, 2024 10:31 PM;Gui Juhas;18/12/2024;Aprovado;Social G4
[REELS] [NARDON] Líder e reuniões;December 11, 2024 9:41 AM;Gustavo Cairo;;Aprovado;Social G4
[PODCAST] [EXTREMOS] ANO NOVO;December 11, 2024 3:13 PM;Wilson Silva;;Aprovado;Podcast
[REELS] [NARDON] Q&A ;December 12, 2024 12:03 PM;Pedro Augusto;19/12/2024;Aprovado;Social G4
[ADs] [IM] [GE/TRAC] CHAMADAS TG;December 13, 2024 1:31 PM;Pedro Augusto;;Aprovado;
[REELS] [G4] Urso sendo atropelado;December 13, 2024 2:20 PM;Wilson Silva;;Aprovado;Social G4
[REELS] [NARDON] Papo Dener;December 13, 2024 3:43 PM;Gui Juhas;19/12/2024;Aprovado;Social G4
[REELS] [NARDON] Papo Dener 2;December 13, 2024 4:18 PM;Gui Juhas;19/12/2024;Aprovado;Social G4
[REELS] [NARDON] Os maiores erros;December 13, 2024 9:38 PM;Gui Juhas;19/12/2024;Aprovado;Social G4
[REELS] [NARDON] Light copy;December 14, 2024 5:59 PM;Gui Juhas;19/12/2024;Aprovado;Social G4
[REELS] [SKILLS] Delegar;December 15, 2024 10:34 AM;Gui Juhas;19/12/2024;Aprovado;Social G4
[REELS] [SKILLS] Quando contratar;December 15, 2024 10:49 AM;Wilson Silva;19/12/2024;Aprovado;Social G4
[REELS] [NARDON] Os bons dos fodas;December 15, 2024 9:04 PM;Pedro Augusto;19/12/2024;Aprovado;Social G4
[REELS] [NARDON] Advogado do diabo;December 15, 2024 9:08 PM;Wilson Silva;17/12/2024;Aprovado;Social G4
[REELS] [NARDON] Remarketing;December 15, 2024 10:07 PM;Pedro Augusto;19/12/2024;Aprovado;Social G4
[REELS] [G4] LVMH no futebol;December 16, 2024 10:33 AM;Wilson Silva;19/12/2024;Aprovado;Social G4
[REELS] [G4] Abercrombie;December 16, 2024 10:42 AM;Wilson Silva;17/12/2024;Aprovado;Social G4
[LEARN BY DOING] [JOURNEY] Turma 02;December 16, 2024 10:53 AM;Lucas Liberato;;Aprovado;Educação
[REELS] [G4] Crumbl Cookies;December 16, 2024 10:56 AM;Wilson Silva;;Aprovado;Social G4
[REELS] [G4] 4 tipos de profissionais;December 16, 2024 11:09 AM;Wilson Silva;19/12/2024;Aprovado;Social G4
[REELS] [NARDON] Digital Finch;December 16, 2024 12:09 PM;Wilson Silva;19/12/2024;Aprovado;Social G4
[REELS] [NARDON] Ep. Natal Podcasts;December 16, 2024 2:04 PM;Gustavo Cairo;;Aprovado;Social G4
[BU] [SALA SECRETA - TESTE II] GEMP offer;December 16, 2024 2:17 PM;Gui Juhas;;Aprovado;Educação
[REELS] [TALLIS] Ajuste “Rotina - Bjj”;December 17, 2024 12:36 PM;Pedro Augusto;18/12/2024;Aprovado;
[Vídeos] [P&D Longitude] Edição_Jonathan Souza;December 18, 2024 12:10 PM;Gustavo Cairo;;Aprovado;Matricial
[PODCAST] [G4 PODCASTS] RETROSPECTIVA 2024;December 19, 2024 10:55 AM;Gustavo Cairo;;Aprovado;Podcast
[Víde de vendas] [Marketing] Vídeo reunião estratégica;December 19, 2024 5:31 PM;Gui Juhas;19/12/2024;Aprovado;Educação
[ADs] [Imersões] [Genérico] Misa - Remarketing;December 19, 2024 11:02 PM;Gustavo Cairo;20/12/2024;Aprovado;
[Disponibilização de aula] [JV] [19.12] [Sala Secreta];December 20, 2024 12:59 PM;Gui Juhas;;Aprovado;Matricial
[MATRICIAL][VALLEY 24] AULAS;January 6, 2025 12:57 PM;Gui Juhas;15/01/2025;Aprovado;Matricial
[PODCAST] EXTREMOS - Rafael Ferri e Felipe Corleta;January 6, 2025 5:31 PM;Gustavo Cairo;07/01/2025;Aprovado;Podcast
[PODCAST] PAPO DE GESTÃO - Mariane Morelli;January 6, 2025 5:32 PM;Raffaella Lima;08/01/2025;Aprovado;Podcast
[PODCAST] Geração G4 - Laurence Tataren;January 6, 2025 5:33 PM;Wilson Silva;08/01/2025;Aprovado;Podcast
[PODCAST] G4 PODCASTS - Monica Hauck;January 6, 2025 5:34 PM;Lucas Liberato;;Cancelado;Podcast
[PODCAST] PAPO DE GESTÃO - Iron Man;January 6, 2025 5:34 PM;Gustavo Cairo;14/01/2025;Aprovado;Podcast
[PODCAST] EXTREMOS - Bruno Perini;January 6, 2025 5:35 PM;Gustavo Cairo;14/01/2025;Aprovado;Podcast
[PODCAST] Geração G4 - Denis e o Danilo Finotti;January 6, 2025 5:36 PM;Lucas Liberato;15/01/2025;Aprovado;Podcast
[Vídeos] [P&D Longitude] Edição_Vídeos Corporativos;January 6, 2025 7:26 PM;Gustavo Cairo;07/01/2025;Aprovado;Educação
[REELS] [NARDON] Acredito em sorte;January 7, 2025 9:24 AM;Wilson Silva;10/01/2025;Aprovado;Social G4
[REELS] [TALLIS] React TG Zuck;January 7, 2025 3:14 PM;Pedro Augusto;07/01/2025;Aprovado;
[REELS] [G4] Zuck;January 7, 2025 3:40 PM;Wilson Silva;08/01/2025;Aprovado;Social G4
[REELS] [NARDON] Conselho Morelli;January 8, 2025 2:44 PM;Gustavo Cairo;13/01/2025;Aprovado;Social G4
[REELS] [NARDON] Ações Apple;January 8, 2025 2:58 PM;Raffaella Lima;13/01/2025;Aprovado;Social G4
[REELS] [NARDON] Especial IronMan;January 9, 2025 5:59 PM;Wilson Silva;15/01/2025;Aprovado;Social G4
[YOUTUBE] [G4 Educacao] Video BBB 25;January 10, 2025 10:04 AM;Raffaella Lima;;Aprovado;Youtube G4
[MATRICIAL][MENTOR MANIA] Gustavo Martins;January 10, 2025 11:30 AM;;;Cancelado;Matricial
[PODCAST] PAPO DE GESTÃO - ALAN WICKAY;January 10, 2025 3:41 PM;Lucas Liberato;;Aprovado;Podcast
[G4 Skills] [Ads] [Zambi];January 10, 2025 6:00 PM;Wilson Silva;;Aprovado;Matricial
[Sala Secreta com TG] [16/01];January 13, 2025 10:38 AM;Amanda Rui;;Aprovado;Matricial
Demandas de Aftermovie;January 13, 2025 11:34 AM;Lucas Liberato;20/01/2025;Aprovado;
[VSL] [Online] VSL FG4 Alfredo;January 13, 2025 2:35 PM;Gui Juhas;24/02/2025;Aprovado;Educação
[AFTERMOVIE] Scale - SE 33;January 13, 2025 4:04 PM;Gui Juhas;03/02/2025;Aprovado;Comunidades
[SKILLS] Premiação Desafio Skills de Dezembro;January 14, 2025 10:05 AM;Gui Juhas;15/01/2025;Aprovado;Educação
[REELS] [NARDON] Pandemia BYD;January 14, 2025 1:21 PM;Wilson Silva;17/01/2025;Aprovado;Social G4
[REELS] [TALLIS] Plant Power;January 14, 2025 1:56 PM;Pedro Augusto;15/01/2025;Aprovado;
[VIDEO] [PEOPLE] APRESENTAÇÃO PEOPLE PLUS;January 14, 2025 2:13 PM;Wilson Silva;15/01/2025;Aprovado;Matricial
[REELS] [NARDON] Aprender por osmose;January 14, 2025 7:14 PM;Gustavo Cairo;16/01/2025;Aprovado;Social G4
[REELS] [NARDON] 5 tipos de comunicação;January 15, 2025 11:31 AM;Gustavo Cairo;20/01/2025;Aprovado;Social G4
[ADs] [Online] [Reuniao Estrategica - Traction] Rogerio Aluno G4;January 15, 2025 12:54 PM;Gui Juhas;15/01/2025;Aprovado;Educação
[REELS] [TALLIS] Obsessão vence talento;January 15, 2025 2:53 PM;Pedro Augusto;17/01/2025;Aprovado;
[REELS] [NARDON] Custo vs despesa;January 15, 2025 3:20 PM;Lucas Liberato;17/01/2025;Aprovado;Social G4
[REELS] [TALLIS] Você vai errar;January 15, 2025 6:03 PM;Pedro Augusto;17/01/2025;Aprovado;
[REELS] [NARDON] Pagar boleto;January 16, 2025 10:06 AM;Pedro Augusto;20/01/2025;Aprovado;Social G4
[Depoimentos] [Online] [ReuniaoEstrategica - Traction] Alunos;January 16, 2025 11:44 AM;Gui Juhas;16/01/2025;Aprovado;Educação
[REELS] [NARDON] Pico de estresse positivo;January 16, 2025 1:27 PM;Wilson Silva;17/01/2025;Aprovado;Social G4
[ADS] [IM] [TRACTION] TROCA DE ASSINATURAS;January 16, 2025 5:05 PM;Lucas Liberato;20/01/2025;Aprovado;Educação
[REELS] [NARDON] Promoção Q&A;January 17, 2025 4:27 PM;Wilson Silva;21/01/2025;Aprovado;Social G4
[EVENTO] [MATRICIAL]  [JOURNEY DAY] VÍDEO DE ABERTURA;January 20, 2025 11:17 AM;Lucas Liberato;27/01/2025;Aprovado;Matricial
[EVENTO] [MATRICIAL]  [JOURNEY DAY] VÍDEO DE ENCERRAMENTO;January 20, 2025 11:19 AM;Lucas Liberato;27/01/2025;Aprovado;Matricial
[REELS] [G4] Roteiro 1 | Dia 20;January 20, 2025 12:34 PM;Pedro Augusto;;Aprovado;Social G4
[REELS] [G4] Roteiro 2 | Dia 21;January 20, 2025 12:48 PM;Wilson Silva;21/01/2025;Aprovado;Social G4
[REELS] [G4] Roteiro 3 | dia 21;January 20, 2025 12:51 PM;Gustavo Cairo;23/01/2025;Aprovado;Social G4
[REELS] [G4] Roteiro 4 | Dia 22;January 20, 2025 12:53 PM;Wilson Silva;23/01/2025;Aprovado;Social G4
[REELS] [G4] Roteiro 5 | Dia 22;January 20, 2025 12:54 PM;Gustavo Cairo;27/01/2025;Aprovado;Social G4
[YOUTUBE] [G4 EDUCAÇÃO] SAFs;January 20, 2025 2:09 PM;Raffaella Lima;;Aprovado;Youtube G4
[MANIFESTO] [GTM] Sprints Em Aumento De Receita;January 20, 2025 3:57 PM;Raffaella Lima;23/01/2025;Aprovado;Educação
[AFTERMOVIE] G4 Gestão de Pessoas;January 20, 2025 5:26 PM;Gui Juhas;09/05/2025;Aprovado;
[REELS] [NARDON] A Magia das Pessoas;January 20, 2025 5:29 PM;Raffaella Lima;28/01/2025;Aprovado;Social G4
[REELS] [TALLIS] Speech Trump;January 20, 2025 6:12 PM;Pedro Augusto;20/01/2025;Aprovado;
[ON] [FG4 MONITORIAS] Janeiro/2025;January 21, 2025 1:11 PM;Wilson Silva;27/01/2025;Aprovado;Educação
[REELS] [TALLIS] Trump, G4 e Davos;January 21, 2025 2:07 PM;Pedro Augusto;21/01/2025;Aprovado;
[ADs][G4 Sprints Aumento de Receita] Zambi e Jonathan Souza;January 21, 2025 4:42 PM;Gui Juhas;22/01/2025;Cancelado;Educação
[REELS] [TALLIS] Davos - Resumo dia 1;January 22, 2025 10:57 AM;Pedro Augusto;23/01/2025;Aprovado;
[ADs] [Online] [FG4] Alfredo Soares;January 22, 2025 2:18 PM;Pedro Augusto;28/01/2025;Aprovado;Educação
[Online]Curso Product Management Avançado ;January 22, 2025 5:44 PM;Gustavo Cairo;25/02/2025;Aprovado;Educação
[EVENTO] [MATRICIAL]  [JOURNEY DAY] MOTIONS TELÃO;January 23, 2025 10:02 AM;Pedro Augusto;27/01/2025;Aprovado;Educação
[REELS] [G4] Resumo dia 03 - Davos;January 23, 2025 5:18 PM;Gui Juhas;23/01/2025;Aprovado;Social G4
G4 Precificação;January 27, 2025 9:38 AM;Gui Juhas;;Aprovado;Educação
[AFTERMOVIE] Journey Day;January 27, 2025 2:19 PM;Pedro Augusto;03/02/2025;Aprovado;Educação
[AFTERMOVIE] Alumni T15;January 27, 2025 2:22 PM;Gui Juhas;03/02/2025;Aprovado;
[CURSO] [Gravação + Edição] Fundamentos em Contratação;January 27, 2025 3:59 PM;Gui Juhas;20/02/2025;Aprovado;Educação
[MATRICIAL] [MANIFESTO] G4 Pelo Brasil;January 27, 2025 4:00 PM;Wilson Silva;04/02/2025;Aprovado;Matricial
[DEPOIMENTOS] Sprints;January 27, 2025 4:14 PM;Gui Juhas;28/01/2025;Aprovado;
[MATRICIAL] [ENCONTRO ALUMNI] T15;January 28, 2025 9:54 AM;Gui Juhas;;Cancelado;Matricial
[Vinhetas] Traction Journey Experience - Turma 04 (Fevereiro);January 28, 2025 5:04 PM;Gui Juhas;;Aprovado;
[Vinhetas] Traction Journey Experience - Turma 05 (Março);January 28, 2025 5:20 PM;Gui Juhas;09/03/2025;Aprovado;
[REELS] [NARDON] Valor ao cliente;January 28, 2025 7:24 PM;Wilson Silva;;Aprovado;Social G4
[REELS] [TALLIS] ADS para seguidores;January 29, 2025 1:58 PM;Pedro Augusto;31/01/2025;Aprovado;
[REELS] [NARDON] Pior conselho;January 29, 2025 3:51 PM;Gui Juhas;05/03/2025;Aprovado;Social G4
[REELS] [NARDON] Tigrinho Manu Cit;January 29, 2025 3:52 PM;Raffaella Lima;04/02/2025;Aprovado;Social G4
[ADs] [IM] [GE] Tallis Gomes;January 29, 2025 4:57 PM;Wilson Silva;12/02/2025;Aprovado;
[Edição de vídeo] [Online] Vídeo Talis;January 30, 2025 7:20 PM;Gui Juhas;31/01/2025;Aprovado;Educação
[ADs][G4 SKILLS] Bruno Nardon;January 31, 2025 9:56 AM;Pedro Augusto;04/02/2025;Aprovado;Matricial
[PODCAST] [EXTREMOS] Alexandre Baldy;January 31, 2025 11:22 AM;Gui Juhas;05/02/2025;Aprovado;Podcast
[PODCAST] [GERAÇÃO G4] VALLEY24 | João Torre;January 31, 2025 11:39 AM;Gui Juhas;05/02/2025;Aprovado;Podcast
ok [SCL] [Scale Meeting] MKT_N01;January 31, 2025 12:57 PM;Gustavo Cairo;25/02/2025;Aprovado;Comunidades
[AFTERMOVIE] GE T123;January 31, 2025 1:13 PM;Gui Juhas;30/05/2025;Aprovado;
[PODCAST] [PAPO DE GESTÃO] Julian Tonioli;January 31, 2025 1:25 PM;Gui Juhas;;Aprovado;Podcast
[PODCAST] [EXTREMOS] Artur Aguiar;January 31, 2025 1:30 PM;Gui Juhas;11/02/2025;Aprovado;Podcast
[PODCAST] [PAPO DE GESTÃO] Alex Anton;January 31, 2025 1:37 PM;Gustavo Cairo;;Aprovado;Podcast
NÃO EDITAR ❌ [PODCAST] [GERAÇÃO G4] Adriana Tavares (Club);January 31, 2025 1:42 PM;Raffaella Lima;;Cancelado;Podcast
[COUNTDOWN] [PROGRAMAS DE GESTÃO] CONTAGEM REGRESSIVA PARA O TRACTION JOURNEY;January 31, 2025 2:57 PM;Gui Juhas;;Aprovado;
[ADs] [IM] [TRACTION] João Vitor;January 31, 2025 4:03 PM;Wilson Silva;10/02/2025;Aprovado;
[REELS] [G4] Em busca dos R$ 1 MM;January 31, 2025 5:29 PM;Raffaella Lima;03/02/2025;Aprovado;Social G4
[ONLINE] [JOURNEY][T03] [FELIPE WITT] [30/01/2025];January 31, 2025 6:39 PM;Gui Juhas;;Aprovado;Educação
[YOUTUBE] [G4] Mark Zuckerberg;February 3, 2025 10:37 AM;Raffaella Lima;;Aprovado;Youtube G4
[YOUTUBE] [TG] Suíça;February 3, 2025 12:00 PM;Pedro Augusto;;Aprovado;
[REELS] [TALLIS] Ajuste ADS TG seguidores;February 3, 2025 2:54 PM;Pedro Augusto;05/02/2025;Aprovado;
[ADs] [IM] [Traction] Bruno Nardon;February 3, 2025 3:58 PM;Raffaella Lima;10/02/2025;Aprovado;
[SCALE] Onboarding ;February 3, 2025 7:18 PM;Wilson Silva;24/02/2025;Aprovado;Comunidades
[YOUTUBE] [TG] Jiu Jitsu;February 5, 2025 3:33 PM;Lucas Liberato;;Aprovado;
[REELS] [G4] 24 milhões;February 6, 2025 11:28 AM;Wilson Silva;07/02/2025;Aprovado;Social G4
[PODCAST] [PAPO DE GESTÃO] Marco França (Sucessão e Governança);February 6, 2025 12:44 PM;Gui Juhas;17/02/2025;Aprovado;Podcast
[EDIÇÃO DE VÍDEO] AULA MISA | Traction Exclusive Journey;February 6, 2025 2:42 PM;Gustavo Cairo;07/02/2025;Aprovado;
[ADs] [Traction] Renato Barros;February 6, 2025 4:58 PM;Raffaella Lima;;Aprovado;
[Ads]G4 Sprints: Aumento de Receita;February 7, 2025 3:47 PM;Wilson Silva;21/02/2025;Aprovado;
[REELS][NARDON] Tomar risco;February 7, 2025 3:49 PM;Pedro Augusto;;Cancelado;Social G4
[REELS][NARDON] Tiro o chapéu;February 7, 2025 3:49 PM;Gui Juhas;11/02/2025;Aprovado;Social G4
[REELS][NARDON] Mão de vaca;February 7, 2025 4:04 PM;Lucas Liberato;;Aprovado;Social G4
[ADS] G4 Sprints: Planejamento Estratégico.;February 7, 2025 5:57 PM;Wilson Silva;21/02/2025;Aprovado;
[AFTERMOVIE] CX T26;February 7, 2025 5:58 PM;Lucas Liberato;;Aprovado;
[AFTERMOVIE] Sales T41;February 7, 2025 6:04 PM;Wilson Silva;10/03/2025;Aprovado;
Conectando os Pontos - SuperBowl;February 10, 2025 10:58 AM;Pedro Augusto;14/02/2025;Aprovado;Youtube G4
G4 pelo Brasil - Reduzir tamanho do vídeo;February 10, 2025 12:00 PM;Gui Juhas;10/02/2025;Aprovado;Matricial
ADS - Reunião Estratégica - GTM- Traction;February 10, 2025 1:48 PM;;;Cancelado;
Demanda de ADs - Reunião Estratégica - Traction - Zambi ;February 10, 2025 2:56 PM;Gui Juhas;;Aprovado;
Demanda Manifesto - Reunião Estratégica - Zambi;February 10, 2025 2:59 PM;Wilson Silva;12/02/2025;Aprovado;
Tutorial Zoom Meeting;February 10, 2025 5:09 PM;Gui Juhas;;Cancelado;Matricial
[REELS[NARDON] Número de likes;February 11, 2025 9:33 AM;Lucas Liberato;14/02/2025;Aprovado;Social G4
[REELS][NARDON] Não existe fórmula;February 11, 2025 9:36 AM;Gustavo Cairo;18/02/2025;Aprovado;Social G4
[REELS][NARDON] Consumo de conteúdo;February 11, 2025 9:43 AM;Lucas Liberato;18/02/2025;Aprovado;Social G4
[SCALE] Corte Palestra Valley;February 11, 2025 12:10 PM;Gui Juhas;;Aprovado;Comunidades
Demanda de Edição - Aulas Ao vivo | G4 Monitorias com Max Satiro;February 11, 2025 12:45 PM;Gui Juhas;14/02/2025;Aprovado;Educação
[PODCAST] [EXTREMOS] Martha Leonardis (BTG);February 11, 2025 2:17 PM;Gustavo Cairo;25/02/2025;Aprovado;Podcast
Edição - Aulas Ao Vivo | G4 GEMP: Aula Inaugural;February 12, 2025 8:58 AM;Gustavo Cairo;15/02/2025;Aprovado;Educação
[YOUTUBE] [CANAL TG] One Day - Super Bowl;February 12, 2025 2:07 PM;Wilson Silva;19/02/2025;Aprovado;
[REELS] [NARDON] Apostar num sonho;February 13, 2025 11:21 AM;Gustavo Cairo;;Cancelado;Social G4
[REELS] [NARDON] Entregar o ano;February 13, 2025 12:28 PM;Raffaella Lima;20/02/2025;Aprovado;Social G4
[Club] [Trilha: Posicionamento de Alto Impacto] Ilana;February 13, 2025 2:50 PM;Gustavo Cairo;25/02/2025;Aprovado;Comunidades
[EDIÇÃO DE VÍDEO] [ONLINE - JOURNEY T03] EDIÇÃO DE 06 CASES DA TRACTION EXCLUSIVE DE FEVEREIRO (Grupo 3);February 14, 2025 3:23 PM;Gustavo Cairo;;Cancelado;Educação
[EDIÇÃO DE VÍDEO] [ONLINE - JOURNEY T03] EDIÇÃO DE 06 CASES DA TRACTION EXCLUSIVE DE FEVEREIRO (Grupo 1);February 14, 2025 3:47 PM;Gui Juhas;;Cancelado;Educação
[JOURNEY] - T03 - (Grupo 2);February 14, 2025 3:49 PM;Raffaella Lima;;Cancelado;Educação
[EDIÇÃO DE VÍDEO] [ONLINE - JOURNEY T03] EDIÇÃO DE 06 CASES DA TRACTION EXCLUSIVE DE FEVEREIRO (Grupo 4);February 14, 2025 3:52 PM;Gui Juhas;27/02/2025;Aprovado;Educação
[EDIÇÃO DE VÍDEO] [ONLINE - JOURNEY T03] EDIÇÃO DE 06 CASES DA TRACTION EXCLUSIVE DE FEVEREIRO (Grupo 6);February 14, 2025 3:53 PM;Gui Juhas;;Cancelado;Educação
[EDIÇÃO DE VÍDEO] [ONLINE - JOURNEY T03] EDIÇÃO DE 06 CASES DA TRACTION EXCLUSIVE DE FEVEREIRO (Grupo 5);February 14, 2025 3:58 PM;Gui Juhas;;Cancelado;Educação
[PODCAST] [EXTREMOS] Luccas Riedo;February 17, 2025 3:29 PM;Gui Juhas;;Aprovado;Podcast
[YOUTUBE] [G4] Conectando os pontos - Deepseek;February 17, 2025 3:36 PM;Pedro Augusto;21/02/2025;Aprovado;Youtube G4
[ADs] [G4PeloBrasil] Tuca Tapajós;February 18, 2025 10:38 AM;Gustavo Cairo;;Aprovado;Matricial
[REELS] [TALLIS] G4 Expedition - TG;February 18, 2025 3:18 PM;Pedro Augusto;20/02/2025;Aprovado;
[ONLINE] [JOURNEY] [T03] [MARCELA ZAIDEM] [19/02/2025];February 18, 2025 3:55 PM;Gui Juhas;20/02/2025;Aprovado;Educação
[PODCAST] [VOX] Fábio Gurgel;February 18, 2025 6:26 PM;Gui Juhas;20/02/2025;Aprovado;Podcast
[AFTERMOVIE] SCALE 03;February 19, 2025 9:03 AM;Gui Juhas;19/03/2025;Aprovado;Comunidades
Edição - Aulas Ao Vivo | G4 GEMP: Planejamento Estratégico;February 19, 2025 9:34 AM;Gui Juhas;21/02/2025;Aprovado;Educação
[REELS] [TALLIS] Trailer Super Bowl;February 19, 2025 1:34 PM;Pedro Augusto;25/02/2025;Aprovado;
[Produtos Presenciais] [Sales] Deck de Vendas;February 19, 2025 2:22 PM;Wilson Silva;13/03/2025;Aprovado;
[Club] [Trilha de empreendedorismo jovem] Aula 3;February 20, 2025 4:59 PM;Gustavo Cairo;;Aprovado;Comunidades
[YOUTUBE] [G4 EDUCAÇÃO] TRUMP;February 21, 2025 11:25 AM;Raffaella Lima;;Aprovado;Youtube G4
[ONLINE] [JOURNEY] [TURMA 3] [Q&A - YAGO MARTINS] [26/02/2025];February 24, 2025 1:22 PM;Gui Juhas;27/02/2025;Aprovado;Educação
[PODCAST] [EXTREMOS] Reinaldo Zanon;February 25, 2025 9:58 AM;Lucas Liberato;28/02/2025;Aprovado;Podcast
[PODCAST] [PAPO DE GESTÃO] Paulo Geremia e Jandir Dalberto;February 25, 2025 2:20 PM;Lucas Liberato;27/02/2025;Aprovado;Podcast
[PODCAST] [PAPO DE GESTÃO] Fernando Cinelli;February 25, 2025 2:24 PM;Lucas Liberato;;Aprovado;Podcast
[PODCAST] [VOX] Alex Atala;February 25, 2025 2:33 PM;Gustavo Cairo;19/03/2025;Aprovado;Podcast
[REUNIÃO ESTRATÉGICA] [ONLINE] NARDON 24/02;February 25, 2025 3:24 PM;Gui Juhas;25/02/2025;Aprovado;Educação
Edição - Aulas Ao Vivo | G4 GEMP: Finanças Empresariais;February 25, 2025 8:14 PM;Gui Juhas;28/02/2025;Aprovado;Educação
[MATRICIAL] [DEPOIMENTO] TUCA;February 26, 2025 11:14 AM;Lucas Liberato;;Aprovado;Matricial
[YOUTUBE] [G4 EDUCAÇÃO] COCA ZERO - Conectando os pontos;February 27, 2025 1:55 PM;Raffaella Lima;;Aprovado;Youtube G4
[REELS] [Tallis] Trailer COMO EU VIVO A ALTA PERFORMANCE;February 27, 2025 2:10 PM;Pedro Augusto;;Aprovado;
[REELS] [ALFREDO] Corte G4 Day 2024;February 27, 2025 3:35 PM;Gustavo Cairo;04/03/2025;Aprovado;Social G4
[REELS] [TALLIS] Corte G4 Day;February 27, 2025 3:59 PM;Pedro Augusto;02/03/2025;Aprovado;
[DEPOIMENTO] [VALLEY] [BETO QUINTÃO];February 27, 2025 4:43 PM;Gui Juhas;28/02/2025;Aprovado;Matricial
[REELS] [NARDON] Mentoria GE Especial ;February 27, 2025 10:37 PM;Pedro Augusto;06/03/2025;Aprovado;Social G4
[REELS] [NARDON] Marca de luxo ;February 28, 2025 9:23 AM;Raffaella Lima;;Aprovado;Social G4
[ONLINE] [JOURNEY] [TURMA 3] [TRACTION EXCLUSIVE MARÇO] [06/03/2025];February 28, 2025 10:11 AM;Lucas Liberato;07/03/2025;Aprovado;Educação
[REELS] [G4] Fernando Soares - G4 Day;February 28, 2025 4:40 PM;Wilson Silva;03/03/2025;Aprovado;Social G4
[AFTERMOVIE] [SCALE] [OPEN COMPANY];February 28, 2025 6:23 PM;Gui Juhas;19/03/2025;Aprovado;Comunidades
[MATRICIAL][EVENTO LIDERANÇA] Vídeo de Abertura;March 5, 2025 1:36 PM;Wilson Silva;10/03/2025;Aprovado;
[REELS] [NARDON] Trate bem seu cliente;March 6, 2025 2:11 PM;Lucas Liberato;07/03/2025;Cancelado;Social G4
[PODCAST] [EXTREMOS] Zanna;March 6, 2025 3:36 PM;Lucas Liberato;;Aprovado;Podcast
[REELS] [NARDON] Marca Forte_G4 Day;March 6, 2025 5:26 PM;Pedro Augusto;10/03/2025;Aprovado;Social G4
[REELS] [NARDON] Otimizar_G4 Day;March 7, 2025 10:44 AM;Lucas Liberato;;Cancelado;Social G4
[REELS] [ALFREDO] G4 Day corte 2;March 7, 2025 11:20 AM;Lucas Liberato;10/03/2025;Aprovado;Social G4
[REELS] [G4] Dener - G4 Day;March 7, 2025 11:43 AM;Gui Juhas;08/03/2025;Aprovado;Social G4
[REELS] [NARDON] Curto Prazo;March 7, 2025 12:40 PM;Gustavo Cairo;11/03/2025;Aprovado;Social G4
[ONLINE][JOURNEY] [TURMA 3] [MENTORIA FELIPE HATAB] [13/03/2025];March 7, 2025 2:21 PM;Gustavo Cairo;14/03/2025;Aprovado;Educação
[Programas Presenciais] [AI Academy][Vídeo] Depoimento do mentor Rafael Milagre;March 7, 2025 3:25 PM;Erik Gomes;25/03/2025;Aprovado;
[Produtos Presenciais] [AI Academy] Deck de vendas ;March 7, 2025 3:37 PM;Joyce Moraes;25/03/2025;Aprovado;
[DEPOIMENTOS] AI Academy T06;March 7, 2025 4:18 PM;Joyce Moraes;01/04/2025;Aprovado;
[YOUTUBE] [G4 Educacao] Mc Donalds;March 10, 2025 9:45 AM;Raffaella Lima;13/03/2025;Aprovado;Youtube G4
[PODCAST] [PAPO DE GESTÃO] ALVARO SCHOCAIR;March 10, 2025 10:03 AM;Gui Juhas;;Aprovado;Podcast
[CURSO] Experiência do Cliente - Módulo 5;March 10, 2025 11:12 AM;Raffaella Lima;01/04/2025;Aprovado;Educação
[Produtos Presenciais] [AI Academy] [Reels] Depoimento mentor Rafael Milagre;March 10, 2025 11:19 AM;Erik Gomes;19/03/2025;Aprovado;
[Produtos Presenciais] [AI Academy] [Vídeo Curto] Depoimento mentor Rafael Milagre;March 10, 2025 12:09 PM;Erik Gomes;25/03/2025;Aprovado;
[ONLINE] [JOURNEY] [TURMA 03] [MARCELA ZAIDEM] [31/03/2025];March 10, 2025 12:43 PM;Gui Juhas;09/04/2025;Aprovado;Educação
[YOUTUBE] [TG] Buscando o terno do casamento em Londres;March 10, 2025 3:51 PM;Pedro Augusto;;Aprovado;
[YOUTUBE] [NARDON] ONE DAY - ÍNDIA;March 10, 2025 3:53 PM;Pedro Augusto;;Aprovado;
ok [SCL] [Scale Meeting] T01A_Marketing;March 10, 2025 6:39 PM;Gustavo Cairo;17/03/2025;Aprovado;Comunidades
[Edição de vídeo] [Corporativo] Reduzir tamanho de vídeo;March 11, 2025 10:13 AM;Gui Juhas;;Aprovado;
Demanda de Edição - Aulas Ao vivo | G4 Monitorias com Gustavo Martins;March 11, 2025 10:30 AM;Pedro Augusto;15/03/2025;Aprovado;Educação
[ADs] [G4 DAY] Tallis Gomes;March 11, 2025 10:34 AM;Lucas Liberato;20/03/2025;Aprovado;Matricial
[AFTERMOVIE] AC. VENDEDORES T8;March 11, 2025 4:55 PM;Gustavo Cairo;;Cancelado;
Edição - Aulas Ao Vivo | G4 GEMP: Negociações Estratégicas;March 12, 2025 9:47 AM;Gustavo Cairo;15/03/2025;Aprovado;Educação
[Curso Skills] Aquisição de usuários;March 12, 2025 12:53 PM;Raffaella Lima;;Aprovado;Educação
[CURSO] Networking Estratégico;March 12, 2025 12:56 PM;Thainá Vilhena;15/07/2025;Aprovado;Educação
[PODCAST] [EXTREMOS] STANLEY BITTAR;March 12, 2025 2:34 PM;Gustavo Cairo;17/03/2025;Aprovado;Podcast
[Produtos Presenciais] [AI Academy] Deck de vendas ;March 13, 2025 9:45 AM;;;Cancelado;
[Produtos Presenciais] [AI Academy] [Reels] Depoimento mentor João Vitor;March 13, 2025 10:37 AM;;;Cancelado;
[PRODUTOS PRESENCIAIS] APRESENTAÇÃO MENTORES;March 13, 2025 11:03 AM;;;Cancelado;
[PODCAST] [PAPO DE GESTÃO] RODRIGO BARROS;March 13, 2025 11:49 AM;Gustavo Cairo;;Aprovado;Podcast
[ON] [JOURNEY] [TURMA 03] [PILAR 1: AUMENTO DE RECEITA] [JONATHAN SOUZA] [17/03/2025];March 13, 2025 3:36 PM;Erik Gomes;;Aprovado;Educação
[ON] [JOURNEY] [TURMA 03] [PILAR 1: AUMENTO DE RECEITA] [DENER LIPPERT] [18/03/2025];March 13, 2025 3:42 PM;Lucas Liberato;20/03/2025;Aprovado;Educação
[Ediçao de Case] [SKILLS] Case de Skills Conference[MÁRCIA_NASCIMENTO];March 13, 2025 3:51 PM;Joyce Moraes;;Aprovado;Educação
[Edição de Case] [SKILLS] Case Skills Conference [VANIA];March 13, 2025 3:51 PM;Joyce Moraes;;Aprovado;Educação
[ON] [JOURNEY] [TURMA 03] [PILAR 1: AUMENTO DE RECEITA] [YAGO MARTINS] [19/03/2025];March 13, 2025 4:01 PM;Gustavo Cairo;;Aprovado;Educação
[ON] [JOURNEY] [TURMA 03] [PILAR 1: AUMENTO DE RECEITA] [GUSTAVO PAGOTTO] [20/03/2025];March 13, 2025 4:06 PM;Raffaella Lima;;Aprovado;Educação
[ON] [JOURNEY] [TURMA 03] [PILAR 1: AUMENTO DE RECEITA] [DOUGLAS CONRAD] [21/03/2025];March 13, 2025 4:16 PM;Gui Juhas;24/03/2025;Aprovado;Educação
[Edição de Case] [SKILLS] Case SKILLS Conference [CAROLINE_MUNIZ];March 13, 2025 4:18 PM;Joyce Moraes;03/06/2025;Aprovado;Educação
[SKILLS] Case SKILLS Conference BETO_QUINTAO;March 13, 2025 4:19 PM;Erik Gomes;;Aprovado;Educação
[SKILLS] Case SKILLS Conference IGOR_RELA;March 13, 2025 4:19 PM;Erik Gomes;;Aprovado;Educação
[SKILLS] Case SKILLS Conference KLEBER_DE_PAULA;March 13, 2025 4:20 PM;Erik Gomes;;Aprovado;Educação
[ON] [JOURNEY] [TURMA 03] [PILAR 1: AUMENTO DE RECEITA] [IGOR MURAKAMI] [22/03/2025];March 13, 2025 4:21 PM;Gui Juhas;24/03/2025;Aprovado;Educação
[REELS] [G4] Julian Tonioli - G4 Day;March 14, 2025 12:50 PM;Pedro Augusto;21/03/2025;Aprovado;Social G4
[REELS] [G4] Gustavo Werneck - G4 Day;March 14, 2025 12:54 PM;Wilson Silva;15/03/2025;Aprovado;Social G4
[CURSO] Board de Conselho para Mentores - BOARD MEETING MELZI ;March 14, 2025 2:23 PM;Gui Juhas;26/05/2025;Aprovado;Comunidades
[YOUTUBE] [G4 EDUCAÇÃO] BYD;March 17, 2025 10:56 AM;Raffaella Lima;20/03/2025;Aprovado;Youtube G4
[PODCAST] [EXTREMOS] UELTOM LIMA;March 17, 2025 2:21 PM;Gustavo Cairo;;Cancelado;Podcast
[ADs] [ONLINE] [SKL e FG4] BRUNO CUNHA;March 17, 2025 3:01 PM;Gui Juhas;19/03/2025;Aprovado;Educação
[YOUTUBE] [TG] ST. MORITZ;March 17, 2025 3:57 PM;Pedro Augusto;;Aprovado;
[Club] [Trilha de empreendedorismo jovem] Aula 5 (presencial);March 17, 2025 6:01 PM;Gustavo Cairo;;Aprovado;Comunidades
[Video “regras do jogo” com TG] G4 DAY;March 18, 2025 3:37 PM;Lucas Liberato;;Aprovado;Matricial
[REELS] [NARDON] Base de clientes_Mentoria;March 18, 2025 4:09 PM;Gustavo Cairo;19/03/2025;Aprovado;Social G4
[REELS] [NARDON] Benchmark_Mentoria;March 18, 2025 4:10 PM;Gustavo Cairo;;Cancelado;Social G4
[ADs] [ONLINE] [FG4] DEPOIMENTOS;March 18, 2025 5:23 PM;Lucas Liberato;21/03/2025;Aprovado;Educação
Edição - Aulas Ao Vivo | G4 GEMP: Estratégia de produtos;March 18, 2025 9:46 PM;Gui Juhas;21/03/2025;Aprovado;Educação
[CURSO] [PROGRAMAS DE GESTÃO] Trilha preparatória de AI para Negócios com Victor Meireles;March 19, 2025 2:18 PM;Erik Gomes;31/03/2025;Aprovado;Educação
[CURSO] Negociação Comercial;March 19, 2025 3:13 PM;Thainá Vilhena;;Aprovado;Educação
[ADs] [IM] [TRACTION] ZAMBI;March 19, 2025 3:33 PM;Erik Gomes;21/03/2025;Aprovado;Matricial
[GEMP T07] Aula 05 - Gestão de processos - Victor Meireles;March 19, 2025 6:46 PM;Joyce Moraes;03/04/2025;Aprovado;Educação
[GEMP T07] Aula 06 - Cultura - Marcela Zaidem;March 19, 2025 6:53 PM;Gui Juhas;04/04/2025;Aprovado;Educação
[GEMP T07] - Aula extra - IA para negócios com Victor Meireles;March 19, 2025 6:59 PM;Raffaella Lima;14/04/2025;Aprovado;Educação
Edição - Aulas Ao Vivo | G4 Traction - Transmissão realizada na Turma 63 - Gestão Financeira;March 20, 2025 9:03 AM;Lucas Liberato;31/03/2025;Aprovado;
Edição - Aulas Ao Vivo | G4 Traction - Transmissão realizada na Turma 63 - Operações e processos;March 20, 2025 9:10 AM;Lucas Liberato;31/03/2025;Aprovado;
[MATRICIAL] [G4 DAY] KV ANIMADO;March 20, 2025 9:54 AM;Wilson Silva;25/03/2025;Aprovado;Matricial
[MATRICIAL] [G4 DAY] KV ANIMADO + PATROCINADORES;March 20, 2025 9:55 AM;Wilson Silva;28/03/2025;Aprovado;Matricial
[MATRICIAL] [G4 DAY] KV ANIMADO + INICIAREMOS E VOLTARES;March 20, 2025 9:56 AM;Wilson Silva;28/03/2025;Aprovado;Matricial
[MATRICIAL] [G4 DAY] VÍDEOS DOS PALESTRANTES - WERNECK;March 20, 2025 9:56 AM;Wilson Silva;28/03/2025;Aprovado;Matricial
[MATRICIAL] [G4 DAY] HINO DO BRASIL;March 20, 2025 9:57 AM;Gui Juhas;24/03/2025;Aprovado;Matricial
[MATRICIAL] [G4 DAY] VÍDEO DE ABERTURA;March 20, 2025 9:58 AM;Pedro Augusto;28/03/2025;Aprovado;Matricial
[MATRICIAL] [G4 DAY] VÍDEO PÓS-ALMOÇO;March 20, 2025 9:58 AM;Wilson Silva;28/03/2025;Aprovado;Matricial
[CURSO] [JOURNEY] ONBOARDING;March 20, 2025 11:04 AM;Gui Juhas;02/04/2025;Aprovado;Educação
[ONLINE] [JOURNEY] [TURMA 03] [Q&A NARDON] [24/03/2025];March 20, 2025 11:14 AM;Raffaella Lima;26/03/2025;Aprovado;Educação
[MATRICIAL] [G4 DAY]  DEPOIMENTOS (1);March 20, 2025 1:40 PM;Joyce Moraes;27/03/2025;Aprovado;Matricial
[MATRICIAL] [G4 DAY]  DEPOIMENTOS  (2);March 20, 2025 1:45 PM;Joyce Moraes;27/03/2025;Aprovado;Matricial
[MATRICIAL] [G4 DAY]  DEPOIMENTOS + COUNTDOWN (ALMOÇO);March 20, 2025 1:48 PM;Joyce Moraes;27/03/2025;Aprovado;Matricial
[MATRICIAL] [G4 DAY]  DEPOIMENTOS + COUNTDOWN (ABERTURA);March 20, 2025 1:51 PM;Joyce Moraes;27/03/2025;Aprovado;Matricial
[REELS] [G4] G4 Day Tallis 01;March 20, 2025 3:32 PM;Gui Juhas;21/03/2025;Aprovado;Social G4
[REELS] [G4] G4 Day Tallis 02;March 20, 2025 3:34 PM;Gustavo Cairo;21/03/2025;Aprovado;Social G4
[REELS] [G4] G4 Day Tallis 03;March 20, 2025 3:35 PM;Raffaella Lima;21/03/2025;Aprovado;Social G4
[REELS] [G4] G4 Day Tallis 04;March 20, 2025 3:35 PM;Lucas Liberato;;Aprovado;Social G4
[ADs] [ON] [FG4] Reeditar Ads Vencedores;March 20, 2025 4:32 PM;Lucas Liberato;;Cancelado;Educação
[YOUTUBE] [G4 EDUCAÇÃO] NUBANK;March 20, 2025 6:13 PM;Raffaella Lima;;Aprovado;Youtube G4
[ADs] [GTM] [G4DAY] MISA;March 20, 2025 6:20 PM;Pedro Augusto;21/03/2025;Aprovado;Matricial
[ADs] [IM] [Traction] Misa;March 20, 2025 6:20 PM;Lucas Liberato;21/03/2025;Aprovado;
[Transmissão Monitoria] [Coorporativo] Monitoria Online Ao Vivo - Pré G4 Day;March 21, 2025 1:14 PM;Flávio Rocha;;Aprovado;Matricial
[CURSO] Decole Seu Negócio - TAN + Misa;March 21, 2025 2:57 PM;Raffaella Lima;;Aprovado;Educação
[REELS] [G4] Despedida Riedo;March 21, 2025 3:48 PM;Lucas Liberato;;Aprovado;Social G4
[ADs] [GTM] [G4 DAY] DEPOIMENTOS;March 21, 2025 4:28 PM;Gui Juhas;21/03/2025;Aprovado;Matricial
[JOURNEY] [T3] [CKP AUMENTO DE RECEITA EM SERVIÇOS];March 21, 2025 4:30 PM;Erik Gomes;;Cancelado;Educação
[PODCAST] [EXTREMOS] Paulo Henrique (Organne);March 24, 2025 1:18 PM;Gustavo Cairo;25/03/2025;Aprovado;Podcast
[PODCAST] [PAPO DE GESTÃO] OTTO FELIX;March 24, 2025 5:28 PM;Erik Gomes;01/04/2025;Aprovado;Podcast
[PODCAST] [EXTREMOS] Roberto Jalonetsky | CEO Speedo;March 24, 2025 6:10 PM;Erik Gomes;;Aprovado;Podcast
[MATRICIAL] [G4 DAY] VÍDEOS DOS PALESTRANTES - FERNANDO SOARES;March 25, 2025 9:29 AM;Gustavo Cairo;26/03/2025;Aprovado;Matricial
[MATRICIAL] [G4 DAY] VÍDEOS DOS PALESTRANTES - DENER LIPPERT;March 25, 2025 9:30 AM;Lucas Liberato;26/03/2025;Aprovado;Matricial
[MATRICIAL] [G4 DAY] VÍDEOS DOS PALESTRANTES - JULIAN TONIOLI;March 25, 2025 9:30 AM;Gui Juhas;26/03/2025;Aprovado;Matricial
[MATRICIAL] [G4 DAY] VÍDEOS DOS PALESTRANTES - MARCELA ZAIDEM;March 25, 2025 9:30 AM;Wilson Silva;28/03/2025;Aprovado;Matricial
OK [SCALE] Mentoria Online 03;March 25, 2025 12:18 PM;Gui Juhas;04/04/2025;Aprovado;Comunidades
[ADs] [IM] [Traction] Aftermovie;March 25, 2025 1:08 PM;Lucas Liberato;08/04/2025;Aprovado;
[PODCAST] [PAPO DE GESTÃO] PAULO ANTUNES;March 25, 2025 4:23 PM;Erik Gomes;01/04/2025;Aprovado;Podcast
[REELS] [NARDON] Moçada ansiosa;March 25, 2025 6:56 PM;Erik Gomes;01/04/2025;Aprovado;Social G4
[REELS] [NARDON] Nada a ver comigo;March 25, 2025 6:57 PM;Lucas Liberato;31/03/2025;Aprovado;Social G4
[REELS] [NARDON] Um dia;March 25, 2025 7:18 PM;Erik Gomes;01/04/2025;Aprovado;Social G4
[REELS] [G4] João Adibe - G4 Day;March 26, 2025 11:19 AM;Gui Juhas;;Cancelado;Social G4
[AFTERMOVIE] G4 Sales;March 26, 2025 1:41 PM;Joyce Moraes;17/05/2025;Aprovado;
[PODCAST] [EXTREMOS] Clovis (Giuliana Flores);March 26, 2025 3:38 PM;Gustavo Cairo;;Aprovado;Podcast
[PODCAST] [EXTREMOS] MIGUEL ABUHAB;March 26, 2025 4:00 PM;Erik Gomes;01/04/2025;Aprovado;Podcast
[PODCAST] [PAPO DE GESTÃO] ILANA BOBROW;March 26, 2025 6:41 PM;Joyce Moraes;03/04/2025;Aprovado;Podcast
[Edição] [Produto_P&D] Marcela Zaidem_G4 Day;March 27, 2025 10:20 AM;Gustavo Cairo;;Aprovado;Matricial
[PODCAST] [EXTREMOS] ROBERTO SPIGHEL;March 27, 2025 10:57 AM;Gustavo Cairo;;Aprovado;Podcast
[JOURNEY T05] Aula e Q&A - Renato Barros;March 27, 2025 2:41 PM;;;Cancelado;Educação
[CLASS] [VÍDEO DE ABERTURA];March 28, 2025 3:31 PM;Wilson Silva;02/04/2025;Aprovado;Comunidades
[CORTE DE PODCAST] [PROGRAMAS DE GESTÃO] CONTEÚDO EM VÍDEO PARA AULA;March 31, 2025 11:54 AM;Gui Juhas;31/03/2025;Aprovado;
[CLASS] [KV Animado + Vinhetas Gerais];March 31, 2025 5:28 PM;Pedro Augusto;02/04/2025;Aprovado;Comunidades
[CLASS] [Vinhetas Palestrantes];March 31, 2025 5:29 PM;Lucas Liberato;;Aprovado;Comunidades
[CLASS] [Vinhetas Paineis];March 31, 2025 5:29 PM;Lucas Liberato;;Cancelado;Comunidades
[CLASS] [Vinheta Festa];March 31, 2025 5:29 PM;Gustavo Cairo;;Aprovado;Comunidades
[YOUTUBE] [G4 EDUCAÇÃO] RED BULL;April 1, 2025 11:01 AM;Erik Gomes;;Aprovado;Youtube G4
[YOUTUBE] Nardon - Oneday + Fechamento;April 1, 2025 2:47 PM;Pedro Augusto;;Aprovado;
[ADs] [FG4] After Movie;April 1, 2025 5:37 PM;Joyce Moraes;;Cancelado;Educação
[JOURNEY] [T03] [IA PARA NEGÓCIOS] [YAGO MARTINS] [08/04/2025];April 2, 2025 6:16 PM;Lucas Liberato;;Aprovado;Educação
[JOURNEY] [T03] [GESTÃO DE NEGÓCIOS] [MARCELO TOLEDO] [10/04/2025];April 2, 2025 6:25 PM;Raffaella Lima;;Aprovado;Educação
DEPOIMENTOS | DECK DE SPRINTS | SPRINTS & COHORTS;April 3, 2025 2:07 PM;Pedro Augusto;;Aprovado;
[VIDEO] [SCALE] CRONÔMETROS MENTORIA E BOARDS SM;April 4, 2025 3:25 PM;Wilson Silva;;Aprovado;
[AFTERMOVIE + DEPOIMENTOS] G4 Traction - Turma 65;April 7, 2025 9:47 AM;Wilson Silva;30/06/2025;Aprovado;
[PODCAST] [EXTREMOS] MAGNUN BARCAROL;April 7, 2025 9:51 AM;Gustavo Cairo;;Aprovado;Podcast
[ADs] [FG4] AJUSTAR ÁUDIO DO VÍDEO;April 7, 2025 11:50 AM;Lucas Liberato;09/04/2025;Aprovado;Educação
[PROGRAMAS DE GESTÃO] [G4 MONITORIAS] Mapeamento e otimização de processos - Abril/2025;April 7, 2025 1:26 PM;Gui Juhas;16/04/2025;Aprovado;Educação
[PROGRAMAS DE GESTÃO] [G4 MONITORIAS] Definição e mensuração de indicadores de desempenho;April 7, 2025 1:34 PM;Raffaella Lima;;Cancelado;Educação
[PROGRAMAS DE GESTÃO] [G4 MONITORIAS] Automatização de processos e ferramentas digitais;April 7, 2025 1:35 PM;Gui Juhas;;Aprovado;Educação
[G4 MONITORIAS] [EDIÇÃO] Planejamento financeiro e fluxo de caixa;April 7, 2025 1:39 PM;Lucas Liberato;;Aprovado;Educação
[G4 MONITORIAS] [EDIÇÃO]  Gestão de custos e controle de despesas;April 7, 2025 1:42 PM;Raffaella Lima;;Cancelado;Educação
[G4 MONITORIAS] [EDIÇÃO]  Análise de rentabilidade e decisões baseadas em dados;April 7, 2025 1:45 PM;Thainá Vilhena;;Cancelado;Educação
[REELS] [G4] Old Spice;April 7, 2025 2:54 PM;Gustavo Cairo;09/04/2025;Aprovado;Social G4
Cortes - Youtube Nardon índia;April 7, 2025 4:03 PM;Lucas Liberato;09/04/2025;Aprovado;Social G4
YT - Nardon - IronMan 70.3 Brasilia;April 7, 2025 6:32 PM;Pedro Augusto;;Aprovado;
[REELS] [Nardon] Divulgação Índia YouTube;April 7, 2025 6:41 PM;Lucas Liberato;;Aprovado;Social G4
[YOUTUBE] [G4 EDUCAÇÃO] GENZ;April 8, 2025 9:58 AM;Erik Gomes;;Aprovado;Youtube G4
YT Nardon - Preparação IronMan full;April 8, 2025 10:10 AM;Pedro Augusto;;Aprovado;
YT Nardon - IronMan Full;April 8, 2025 10:28 AM;Pedro Augusto;;Aprovado;
[ADs] [Corporativo] [G4 Pelo Brasil] Misa;April 8, 2025 10:30 AM;Gui Juhas;;Cancelado;Matricial
[ADs] [ON] [FG4] ZAMBI;April 8, 2025 10:32 AM;Gui Juhas;14/04/2025;Aprovado;Educação
[REELS] [NARDON] Problema grande;April 8, 2025 10:40 AM;Wilson Silva;10/04/2025;Aprovado;Social G4
[REELS] [NARDON] Começar algo novo;April 8, 2025 10:43 AM;Pedro Augusto;15/04/2025;Aprovado;Social G4
[PP] Depoimentos | AI Academy ;April 8, 2025 1:28 PM;Joyce Moraes;23/04/2025;Aprovado;
[ACADEMIA AI] Aula 1 - T01;April 8, 2025 1:37 PM;Thainá Vilhena;;Aprovado;Educação
[ACADEMIA AI] Aula 2 - T01;April 8, 2025 2:28 PM;Raffaella Lima;;Aprovado;Educação
[ACADEMIA AI] Aula 3 - T01;April 8, 2025 2:33 PM;Thainá Vilhena;;Aprovado;Educação
[ACADEMIA AI]  Aula 4 - T01;April 8, 2025 2:40 PM;Thainá Vilhena;;Aprovado;Educação
[G4 MONITORIAS] [EDIÇÃO]  Contratação e retenção de talentos;April 8, 2025 3:23 PM;;;Cancelado;Educação
[G4 MONITORIAS] [EDIÇÃO]  Cultura organizacional;April 8, 2025 3:25 PM;;;Cancelado;Educação
[G4 MONITORIAS] [EDIÇÃO]  Desenvolvimento de líderes e plano de carreira;April 8, 2025 3:33 PM;;;Cancelado;Educação
[JOURNEY] [T03] [Q&A] [FELIPE HATAB] [14/04/2025];April 8, 2025 5:31 PM;Gui Juhas;15/04/2025;Aprovado;Educação
[JOURNEY] [T03] [Q&A] [THEO OROSCO] [15/04/2025];April 8, 2025 5:35 PM;Gui Juhas;16/04/2025;Aprovado;Educação
[JOURNEY] [T03] [Q&A] [LUCCAS RIEDO] [16/04/2025];April 8, 2025 5:42 PM;Gui Juhas;17/04/2025;Aprovado;Educação
[ADs] [FG4] Gravação Novos Anúncios;April 8, 2025 5:48 PM;Gui Juhas;16/04/2025;Aprovado;Educação
[REELS] [G4] Saratoga;April 9, 2025 1:36 PM;Lucas Liberato;11/04/2025;Aprovado;Social G4
[ADs] [SKL] [SKL] CUNHA;April 9, 2025 1:50 PM;Pedro Augusto;22/04/2025;Aprovado;Educação
[ADs] [IM] [TRACTION] NARDON;April 10, 2025 10:14 AM;Pedro Augusto;14/04/2025;Aprovado;
[ADs] [IM] [GE] DEPOIMENTOS;April 10, 2025 3:19 PM;Gui Juhas;14/04/2025;Aprovado;
[ADs] [IM] [TRACTION] DEPOIMENTOS;April 10, 2025 3:22 PM;Wilson Silva;11/04/2025;Aprovado;
[ADs] [IM] [TRACTION] READAPTACAO VIDEOS;April 10, 2025 3:24 PM;Wilson Silva;14/04/2025;Aprovado;
[ADs] [IM] [GE] TALLIS GOMES;April 10, 2025 4:25 PM;Gui Juhas;11/04/2025;Aprovado;
[ADs] [CM] [SCALE] START SCALE;April 11, 2025 9:48 AM;Gui Juhas;17/04/2025;Aprovado;Comunidades
[PODCAST] [PAPO DE GESTÃO] DENNIS WANG;April 11, 2025 6:08 PM;Gustavo Cairo;;Aprovado;Podcast
Video de Abertura | Programas Presenciais;April 13, 2025 11:11 PM;Joyce Moraes;07/05/2025;Cancelado;
[ADs] [IM] [TRACTION] NARDON;April 14, 2025 11:26 AM;Gui Juhas;15/04/2025;Aprovado;
[ADs] [SKL] [SKL] NARDON;April 14, 2025 11:28 AM;Gui Juhas;28/04/2025;Aprovado;Educação
[YOUTUBE] [G4 EDUCAÇÃO] TRUMP ESTÁ DESTRUINDO OS EUA?;April 14, 2025 12:06 PM;Erik Gomes;22/04/2025;Aprovado;Youtube G4
[ONLINE] Encontro Presencial | G4 Gestão Empresarial;April 14, 2025 5:03 PM;Gui Juhas;;Cancelado;Educação
[PODCAST] [PAPO DE GESTÃO] JULIO DE ANGELI;April 14, 2025 5:39 PM;Gustavo Cairo;29/04/2025;Aprovado;Podcast
[REELS] [G4] BK | Stevenage;April 15, 2025 10:45 AM;Gui Juhas;;Aprovado;Social G4
[REELS] [G4] Itaú;April 15, 2025 11:05 AM;Gui Juhas;;Aprovado;Social G4
[REELS] [NARDON] Rosewood;April 15, 2025 2:01 PM;Lucas Liberato;16/04/2025;Aprovado;Social G4
[G4 PELO BRASIL] Vinhetas Gerais;April 15, 2025 3:12 PM;Wilson Silva;16/04/2025;Aprovado;Matricial
[G4 PELO BRASIL] KV Animado;April 15, 2025 5:59 PM;Wilson Silva;;Aprovado;Matricial
[G4 PELO BRASIL] Vinhetas Palestrantes;April 15, 2025 6:00 PM;Wilson Silva;25/04/2025;Aprovado;Matricial
[G4 PELO BRASIL] Vídeos Pré-mentores | Tallis;April 15, 2025 6:00 PM;Wilson Silva;25/04/2025;Aprovado;Matricial
[G4 PELO BRASIL] Vídeos Pré-mentores | Alfredo;April 15, 2025 6:01 PM;Wilson Silva;25/04/2025;Aprovado;Matricial
[G4 PELO BRASIL] Vídeos Pré-mentores | Nardon;April 15, 2025 6:01 PM;Wilson Silva;25/04/2025;Aprovado;Matricial
[G4 PELO BRASIL] Vídeos Pré-mentores | Zaidem;April 15, 2025 6:01 PM;Wilson Silva;25/04/2025;Aprovado;Matricial
[G4 PELO BRASIL] Vídeos Pré-mentores | Julian;April 15, 2025 6:02 PM;Wilson Silva;25/04/2025;Aprovado;Matricial
[G4 PELO BRASIL] Vídeos Pré-mentores | Hatab;April 15, 2025 6:02 PM;Wilson Silva;25/04/2025;Aprovado;Matricial
[G4 PELO BRASIL] Vídeos Pré-mentores | Jon;April 15, 2025 6:02 PM;Wilson Silva;25/04/2025;Aprovado;Matricial
[G4 PELO BRASIL] Vídeos Pré-mentores | Cleonildo;April 15, 2025 6:02 PM;Wilson Silva;25/04/2025;Aprovado;Matricial
[G4 PELO BRASIL] Vídeos Pré-mentores | Napole;April 15, 2025 6:02 PM;Wilson Silva;25/04/2025;Aprovado;Matricial
[G4 PELO BRASIL] Hino do Brasil;April 15, 2025 6:03 PM;Gui Juhas;;Aprovado;Matricial
[G4 PELO BRASIL] Countdown + Depoimentos;April 15, 2025 6:03 PM;Gui Juhas;;Aprovado;Matricial
[G4 PELO BRASIL] Divulgação OOH;April 15, 2025 6:04 PM;Gui Juhas;;Aprovado;Matricial
[G4 PELO BRASIL] Vídeos de Abertura;April 15, 2025 6:04 PM;Gui Juhas;;Aprovado;Matricial
[G4 PELO BRASIL] Vídeos pós-almoço;April 15, 2025 6:04 PM;Wilson Silva;;Aprovado;Matricial
[REELS] [NARDON] Problema impossível;April 16, 2025 11:10 AM;Lucas Liberato;22/04/2025;Aprovado;Social G4
[PODCAST] [EXTREMOS] ADIBE (G4 DAY);April 16, 2025 1:57 PM;Joyce Moraes;28/04/2025;Aprovado;Podcast
[REELS] [G4 CAPITAL] VÍDEOS APRESENTAÇÃO PARCEIRO;April 16, 2025 2:20 PM;Pedro Augusto;08/05/2025;Aprovado;G4 Tools
[REELS] [G4] Shopping Fantasma;April 16, 2025 4:30 PM;Gui Juhas;;Aprovado;Social G4
[REELS] [G4] Stanley;April 16, 2025 4:52 PM;Gui Juhas;;Aprovado;Social G4
[REELS] [G4] RED BULL;April 16, 2025 5:36 PM;Gui Juhas;;Aprovado;Social G4
[JOURNEY] [T04] [AULA INAUGURAL] [BRUNO CUNHA] [23/04/2025];April 16, 2025 5:47 PM;Gustavo Cairo;;Aprovado;Educação
[CASE] [GERAÇÃO G4] https://app.hubspot.com/contacts/7186301/record/2-5260914/20340381876/;April 17, 2025 11:15 AM;Lucas Liberato;21/05/2025;Aprovado;Matricial
[GRAVAÇÃO] Apresentação G4 Scale/Campanha Scale + Sprint;April 17, 2025 1:27 PM;Wilson Silva;07/05/2025;Aprovado;Comunidades
[CASE] [GERAÇÃO G4] Juliana de Morais;April 17, 2025 2:15 PM;Raffaella Lima;03/06/2025;Aprovado;Matricial
[YOUTUBE] [G4 EDUCAÇÃO] MARCAS E DESIGN;April 22, 2025 9:59 AM;Erik Gomes;;Aprovado;Youtube G4
[Vídeo para LP] [Corporativo] Carta Misa;April 22, 2025 11:38 AM;Gustavo Cairo;;Aprovado;Matricial
[PODCAST] [PAPO DE GESTÃO] CADU ALTONA;April 22, 2025 2:09 PM;Pedro Augusto;09/05/2025;Aprovado;Podcast
[REELS] [G4] Papa;April 22, 2025 2:11 PM;Gui Juhas;28/04/2025;Aprovado;Social G4
[PODCAST] [PAPO DE GESTÃO] ISRAEL SALMEN;April 23, 2025 9:39 AM;Gustavo Cairo;;Aprovado;Podcast
[ON] [G4 Journey] Turma 4 -;April 23, 2025 2:14 PM;Flávio Rocha;;Aprovado;Educação
[PODCAST] [EXTREMOS] MANU CIT E GABRIEL DELGADO;April 23, 2025 3:21 PM;Erik Gomes;;Aprovado;Podcast
[PODCAST] [EXTREMOS] FILIPE PENONI;April 23, 2025 4:50 PM;Gustavo Cairo;;Aprovado;Podcast
[PODCAST] [EXTREMOS] LEANDRO AGUIARI;April 23, 2025 5:56 PM;Gustavo Cairo;;Aprovado;Podcast
[CASE] Maura Regina Mendonça;April 24, 2025 10:26 AM;Joyce Moraes;18/06/2025;Aprovado;Matricial
[REELS] [G4] Hermes;April 24, 2025 11:28 AM;Gui Juhas;28/04/2025;Aprovado;Social G4
[Decole seu negócio] Módulo 9 - Misa;April 24, 2025 12:01 PM;Joyce Moraes;19/05/2025;Aprovado;Educação
[PODCAST] [PAPO DE GESTÃO] CLEONILDO SCARABELLO;April 24, 2025 2:23 PM;Erik Gomes;;Aprovado;Podcast
[REELS] [tallis] Epístola 1;April 24, 2025 2:53 PM;Pedro Augusto;;Aprovado;
[ADs] [FG4] Novos Ads - Misa;April 24, 2025 3:38 PM;Erik Gomes;09/05/2025;Aprovado;Educação
[ADs] [FG4] Novos Ads - João Vitor;April 24, 2025 3:42 PM;;;Cancelado;Educação
[ADs] [FG4] Novos Ads - Cunha;April 24, 2025 4:53 PM;Gustavo Cairo;12/05/2025;Aprovado;Educação
[PODCAST] [PAPO DE GESTÃO] MARCO FRANÇA;April 24, 2025 5:00 PM;Joyce Moraes;27/05/2025;Aprovado;Podcast
[REELS] [G4] STF;April 24, 2025 5:53 PM;Gui Juhas;28/04/2025;Aprovado;Social G4
[REELS] [Tallis] Epístola 2;April 24, 2025 11:41 PM;Pedro Augusto;;Aprovado;
[REELS] [Tallis] Epístola 3;April 24, 2025 11:55 PM;Erik Gomes;;Cancelado;Social G4
[CASE] Nathan Vasconcellos;April 25, 2025 11:20 AM;Joyce Moraes;;Aprovado;Matricial
[REELS] [G4] Manucit;April 25, 2025 11:42 AM;Gui Juhas;28/04/2025;Aprovado;Social G4
[REELS] [G4] Mark Zuck;April 25, 2025 2:52 PM;Gui Juhas;29/04/2025;Aprovado;Social G4
[CURSO] Fundamentos em Vendas pelo WhatsApp;April 25, 2025 4:58 PM;Thainá Vilhena;05/02/2026;Aprovado;Educação
[AFTERMOVIE] G4 Gestão Empresarial - Turma 07;April 26, 2025 8:35 AM;Gui Juhas;15/05/2025;Aprovado;Educação
[YOUTUBE] [G4 EDUCAÇÃO] PAPA;April 28, 2025 11:28 AM;Erik Gomes;;Aprovado;Youtube G4
[YOUTUBE] [Palestras] Traction Journey;April 28, 2025 3:53 PM;Pedro Augusto;;Aprovado;
[Gravação de Tallis para G4 Capital] [G4 Capital] Tallis + G4 Capital;April 28, 2025 7:31 PM;Gui Juhas;;Cancelado;
[REELS] [G4] Curelife;April 29, 2025 2:21 PM;Pedro Augusto;06/05/2025;Aprovado;Social G4
[VSL] [FG4] Nova VSL FG4;April 29, 2025 3:24 PM;Erik Gomes;16/05/2025;Aprovado;Educação
[REELS] [G4] O Brasil não foi feito para quem trabalha;April 30, 2025 8:59 PM;Gustavo Cairo;;Aprovado;Social G4
[Gravação de Aula] [Programas Profissionais] Gravar aulas GDP22;May 2, 2025 10:48 AM;;;Aprovado;
[REELS] [NARDON] Eu não sou professor;May 6, 2025 10:10 AM;Pedro Augusto;07/05/2025;Aprovado;Social G4
[REELS] [G4] Kodak;May 6, 2025 10:32 AM;Erik Gomes;;Aprovado;Social G4
[YOUTUBE] [TG] BACKSTAGE PELO BRASIL + FECHAMENTO ABRIL;May 6, 2025 11:37 AM;Pedro Augusto;;Aprovado;
[PODCAST] Assets Podcast A Jornada;May 6, 2025 12:54 PM;Wilson Silva;12/05/2025;Aprovado;Podcast
[PODCAST] [EXTREMOS] RICARDO DANTAS E JOÃO CANHADA;May 6, 2025 1:35 PM;Gustavo Cairo;;Aprovado;Podcast
[G4] Tela de CTA;May 6, 2025 3:43 PM;Wilson Silva;07/05/2025;Aprovado;Social G4
[PODCAST] [PAPO DE GESTÃO] RAPHA AVELLAR;May 6, 2025 5:51 PM;Raffaella Lima;;Aprovado;Podcast
[REELS] [NARDON] Situação caótica;May 7, 2025 9:17 AM;Raffaella Lima;09/05/2025;Aprovado;Social G4
[REELS] [NARDON] O maior mito;May 7, 2025 3:03 PM;Raffaella Lima;09/05/2025;Aprovado;Social G4
[PODCAST] [EXTREMOS] LOUISE BARSI;May 7, 2025 3:39 PM;Joyce Moraes;;Aprovado;Podcast
[REELS] [G4] Dia das mães;May 7, 2025 3:42 PM;Wilson Silva;12/05/2025;Aprovado;Social G4
[REELS] [NARDON] Chegar a lua;May 7, 2025 4:10 PM;Lucas Liberato;;Cancelado;Social G4
[AFTERMOVIE] Dia das mães;May 8, 2025 9:35 AM;Lucas Liberato;;Aprovado;Matricial
[REELS] [NARDON] CNPJ anda ao lado;May 8, 2025 9:41 AM;Lucas Liberato;;Cancelado;Social G4
[CASE] [SCALE] Rodrigo Schmidt;May 8, 2025 10:18 AM;Raffaella Lima;21/05/2025;Aprovado;Comunidades
[CASE] [SCALE] Leonardo Almeida;May 8, 2025 10:30 AM;Raffaella Lima;21/05/2025;Aprovado;Comunidades
[CASE] [SCALE] Airton Junior;May 8, 2025 10:30 AM;Raffaella Lima;22/05/2025;Aprovado;Comunidades
[CASE] [SCALE] Felipe Danella;May 8, 2025 10:30 AM;Raffaella Lima;21/05/2025;Aprovado;Comunidades
[CASE] [SCALE] Plinio Reis;May 8, 2025 10:30 AM;Raffaella Lima;;Aprovado;Comunidades
[CASE] [SCALE] Brunno Bezerra;May 8, 2025 10:30 AM;Raffaella Lima;21/05/2025;Aprovado;Comunidades
[CASE] [SCALE] Leonardo Munhoz;May 8, 2025 10:31 AM;Raffaella Lima;22/05/2025;Aprovado;Comunidades
[REELS] [NARDON] BOPE das churrascarias;May 8, 2025 6:51 PM;Erik Gomes;09/05/2025;Aprovado;Social G4
[CURSO] Arquitetura de Receita ;May 9, 2025 1:17 PM;Erik Gomes;;Aprovado;Educação
[ADs] [IM] [G4 Gestão de Pessoas] Cesar Cielo;May 9, 2025 2:02 PM;Gustavo Cairo;16/05/2025;Aprovado;
[DEPOIMENTO] G4 GESTÃO EMPRESARIAL - TURMA 07 - Catarina Amaral;May 9, 2025 2:36 PM;Raffaella Lima;20/05/2025;Aprovado;Educação
[DEPOIMENTO] G4 GESTÃO EMPRESARIAL - TURMA 07 - Bia Zanetti;May 9, 2025 2:41 PM;Raffaella Lima;19/05/2025;Aprovado;Educação
[DEPOIMENTO] G4 GESTÃO EMPRESARIAL - TURMA 07 - Silas Beserra;May 9, 2025 2:44 PM;Raffaella Lima;19/05/2025;Aprovado;Educação
[DEPOIMENTO] G4 GESTÃO EMPRESARIAL - TURMA 07 - Fran Amorim;May 9, 2025 2:46 PM;Raffaella Lima;02/06/2025;Aprovado;Educação
[DEPOIMENTO] G4 GESTÃO EMPRESARIAL - TURMA 07- Igor;May 9, 2025 2:47 PM;Raffaella Lima;;Aprovado;Educação
[YOUTUBE] [G4 EDUCAÇÃO] GTA;May 9, 2025 3:20 PM;Joyce Moraes;19/05/2025;Aprovado;Youtube G4
[GRAVAÇÃO] [PAID] Vídeos Quiz - Zambi;May 12, 2025 1:15 PM;Gustavo Cairo;06/06/2025;Aprovado;Matricial
[YOUTUBE] [NARDON] BASTIDORES VENDAS;May 12, 2025 1:26 PM;Pedro Augusto;15/05/2025;Aprovado;
[Depoimentos] [Programas Profissionais] Criar depoimentos como prova social do G4GDP;May 12, 2025 2:06 PM;Gui Juhas;15/05/2025;Aprovado;
[TOTEM] Vídeo de venda para Totens dos espaços de eventos;May 12, 2025 3:18 PM;Wilson Silva;20/05/2025;Aprovado;Comunidades
OK [SCL] [Scale Meeting] SM02_DIA01 (MKT AVANÇADO);May 12, 2025 3:27 PM;Gui Juhas;27/05/2025;Aprovado;Comunidades
ok [SCL] [Scale Meeting] SM04_DIA01 (MKT AVANÇADO - NEW MENTOR);May 12, 2025 4:25 PM;Gui Juhas;27/05/2025;Aprovado;Comunidades
[ADs] [Novo G4 Sales] Zambi;May 12, 2025 4:51 PM;Thainá Vilhena;07/07/2025;Aprovado;
[ADs] [Novo G4 Sales] Zambinati e Mari Melo;May 12, 2025 6:06 PM;Raffaella Lima;;Cancelado;
[PODCAST] [PAPO DE GESTÃO] JOSÉ RENATO HOPF;May 12, 2025 6:12 PM;Raffaella Lima;;Aprovado;Podcast
ok [SCL] [Scale Meeting] SM05_DIA01 (VENDAS BÁSICO);May 12, 2025 6:37 PM;Gui Juhas;28/05/2025;Aprovado;Comunidades
OK [SCL] [Scale Meeting] SM06_DIA02 (VENDAS WORKSHOP ESTRATÉGICO);May 12, 2025 7:29 PM;Gui Juhas;30/05/2025;Aprovado;Comunidades
ok [SCL] [Scale Meeting] SM06_DIA01 (VENDAS AVANÇADO);May 12, 2025 7:49 PM;Gui Juhas;30/05/2025;Aprovado;Comunidades
OK [SCL] [Mentoria Online] (Partnership);May 12, 2025 7:56 PM;Gui Juhas;28/05/2025;Aprovado;Comunidades
OK [SCL] [Mentoria Online] (VENDAS B2B);May 12, 2025 8:00 PM;Gui Juhas;28/05/2025;Aprovado;Comunidades
[PROGRAMAS DE GESTÃO] [G4 MONITORIAS] Definição e mensuração de indicadores de desempenho;May 13, 2025 9:53 AM;Lucas Liberato;19/05/2025;Aprovado;Educação
[JOURNEY] [T03] [IA PARA NEGÓCIOS] [YAGO MARTINS] [13/05/2025];May 13, 2025 10:31 AM;Pedro Augusto;15/05/2025;Aprovado;Educação
[EDIÇÃO] [BRAND PERFORMANCE] ENTREVISTA DIAMANTE - MISA;May 13, 2025 11:06 AM;Pedro Augusto;20/05/2025;Aprovado;Social G4
 JON VLOGS REVELA OS SEGREDOS DO MUNDO DIGITAL | EXTREMOS ;May 13, 2025 11:19 AM;Raffaella Lima;;Aprovado;Podcast
[REELS] [NARDON] Câimbra;May 13, 2025 11:31 AM;Gustavo Cairo;16/05/2025;Aprovado;Social G4
[REELS] [G4] Fundação Estudar;May 13, 2025 6:38 PM;Wilson Silva;13/05/2025;Aprovado;Social G4
[REELS] [NARDON] Desgaste;May 14, 2025 9:08 AM;Lucas Liberato;16/05/2025;Aprovado;Social G4
[CURSO] Product-led growth (PLG) - Paulo Lisboa;May 14, 2025 9:47 AM;Thainá Vilhena;09/07/2025;Aprovado;Educação
[YOUTUBE] [TG] ENTREVISTA COM MONTANHISTA;May 14, 2025 9:56 AM;Pedro Augusto;16/05/2025;Aprovado;
[AFTERMOVIE] G4 Pelo Brasil;May 14, 2025 1:03 PM;Pedro Augusto;22/05/2025;Aprovado;Matricial
[REELS] [Alfredo Soares ] Baby Alfredo;May 14, 2025 7:07 PM;Wilson Silva;16/05/2025;Aprovado;Social G4
[ADs] [FG4] Novos Ads - Zambi;May 15, 2025 10:29 AM;Erik Gomes;27/05/2025;Aprovado;Educação
[VSL] [FG4] TYP Quiz;May 15, 2025 10:32 AM;Gustavo Cairo;06/06/2025;Aprovado;Educação
[REELS] [NARDON] Divulgação Vídeo Youtube Fechamento;May 15, 2025 11:52 AM;Lucas Liberato;16/05/2025;Aprovado;Social G4
[TELÃO] [PELO BRASIL - RJ] VÍDEO PÓS-ALMOÇO (ATUALIZAÇÃO);May 15, 2025 1:54 PM;Pedro Augusto;05/06/2025;Aprovado;Matricial
[TELÃO] [PELO BRASIL - RJ] VÍDEO DE ABERTURA (ATUALIZAÇÃO);May 15, 2025 1:59 PM;Pedro Augusto;05/06/2025;Aprovado;Matricial
[GRAVAÇAO TREINAMENTO INTERNO] [CORP] Atualização de treinamentos de produtos para o comercial;May 15, 2025 2:46 PM;Gui Juhas;;Aprovado;Matricial
 POR DENTRO DA XP: BASTIDORES, PRESSÃO E ESTRATÉGIA COM FURLANETTI | EXTREMOS ;May 15, 2025 2:51 PM;Gustavo Cairo;;Aprovado;Podcast
[CURSO] Oratória Empresarial com Bernardo Nicolau;May 15, 2025 5:52 PM;Raffaella Lima;;Aprovado;Educação
[YOUTUBE] Nardon - Vlog NY;May 15, 2025 6:56 PM;Wilson Silva;;Cancelado;
[YOUTUBE] [TALLIS] LONDRES 2;May 16, 2025 11:22 AM;Erik Gomes;29/05/2025;Aprovado;
[Edição de Depoimentos] [Programas Profissionais] Depoimentos de G4CX 2025;May 16, 2025 1:30 PM;Lucas Liberato;;Aprovado;
[YOUTUBE] [NARDON] Brazil Week em NY;May 19, 2025 1:24 PM;Pedro Augusto;23/05/2025;Aprovado;
[YOUTUBE] [G4 EDUCAÇÃO] NEW BALANCE;May 19, 2025 2:03 PM;Joyce Moraes;;Aprovado;Youtube G4
[REELS] [Alfredo Soares] Baby Alfredo;May 19, 2025 2:54 PM;Lucas Liberato;20/05/2025;Aprovado;Social G4
[Club] [trilha empreendedorismo jovem encontro 7] Edição da gravação;May 19, 2025 3:54 PM;Gui Juhas;26/05/2025;Aprovado;Comunidades
" MINIMAL: A MENTE POR TRÁS DE UMA MARCA DESEJADA | EXTREMOS
 ";May 19, 2025 6:38 PM;Joyce Moraes;;Aprovado;Podcast
[ADS] [IM] [GE] Alfredo;May 20, 2025 11:51 AM;Lucas Liberato;;Aprovado;
[DEPOIMENTO] GE T123 - Gabriel Loeacht;May 20, 2025 1:55 PM;Raffaella Lima;27/05/2025;Aprovado;
[DEPOIMENTO] GE T123 - Guilherme Volpi;May 20, 2025 2:09 PM;Raffaella Lima;;Aprovado;
[DEPOIMENTO] GE T123 - Murilo Santos Allan De Oliveira;May 20, 2025 2:12 PM;Raffaella Lima;;Aprovado;
[DEPOIMENTO] GE T123 - Marcus Almeida da Rocha;May 20, 2025 2:14 PM;Raffaella Lima;;Aprovado;
[DEPOIMENTO] GE T123 - Anderson Andrade;May 20, 2025 2:16 PM;Raffaella Lima;;Aprovado;
[DEPOIMENTO] GE T123 - Guilherme Godiano;May 20, 2025 2:17 PM;Raffaella Lima;02/06/2025;Aprovado;
 CONSELHO: A VERDADE NUA POR TRÁS DA GOVERNANÇA CORPORATIVO COM ROGÉRIO MELZI | PAPO DE GESTÃO ;May 21, 2025 9:39 AM;Joyce Moraes;;Aprovado;Podcast
[REELS] [NARDON] Não adianta;May 21, 2025 11:02 AM;Lucas Liberato;26/05/2025;Aprovado;Social G4
[REELS] [NARDON] Descobrir o Neymar;May 21, 2025 11:24 AM;Pedro Augusto;23/05/2025;Aprovado;Social G4
 CORRIDA: CORPO FORTE, MENTE FOCADA COM RAQUEL CASTANHARO | A JORNADA;May 21, 2025 12:06 PM;Gustavo Cairo;;Aprovado;Podcast
Traction Journey - Aula Extra S&OP Turma 05;May 21, 2025 4:06 PM;Gui Juhas;;Aprovado;
[REELS] [NARDON] Fazer nada;May 21, 2025 4:29 PM;Pedro Augusto;;Aprovado;Social G4
 SEM CORPO SAUDÁVEL NÃO EXISTE ALTA PERFORMANCE COM VICTOR CASTELLO BRANCO | A JORNADA ;May 22, 2025 10:25 AM;Gustavo Cairo;;Aprovado;Podcast
OK [SCALE] [SCALE] Mentoria Online 05;May 22, 2025 10:54 AM;Gustavo Cairo;29/05/2025;Aprovado;Comunidades
[AFTERMOVIE] Academia de IA;May 22, 2025 5:01 PM;Lucas Liberato;;Aprovado;
[JOURNEY] [T03] [Aula Bonus: Preenchimento dos Entregáveis] [BRUNO CUNHA] [22/05/2025];May 22, 2025 6:29 PM;Wilson Silva;26/05/2025;Aprovado;Educação
[YOUTUBE] [NARDON] V4 Company;May 23, 2025 9:17 AM;Pedro Augusto;09/06/2025;Aprovado;
[ADs] BAU - Gravação Anúncios Quiz Interativo;May 23, 2025 10:40 AM;Wilson Silva;27/05/2025;Aprovado;Matricial
[REELS] [Tallis] Vídeo do YouTube ;May 23, 2025 12:45 PM;Pedro Augusto;;Aprovado;
[YOUTUBE] [TG] REUNIÕES EM NY PARTE 1;May 23, 2025 1:09 PM;Erik Gomes;;Aprovado;
 IRONMAN DA VIDA REAL: COMO SER EMPREENDEDOR E ATLETA COM DENNIS WANG, JOÃO PEDRO PERPÉTUO E CAIO VINICIUS | A JORNADA ;May 23, 2025 4:15 PM;Gustavo Cairo;;Aprovado;Podcast
 ALTA PERFORMANCE COMEÇA NO CORPO COM DR. PAULO PUCINELLI | A JORNADA ;May 26, 2025 9:39 AM;Gustavo Cairo;;Aprovado;Podcast
[AFTERMOVIE] OPEN COMPANY MIAMI;May 26, 2025 10:59 AM;Pedro Augusto;27/05/2025;Aprovado;Comunidades
AS REGRAS DE VIDA DE QUEM ENFRENTOU 14 IRONMANS COM CIÇA CARVALHO | A JORNADA;May 27, 2025 10:57 AM;Gui Juhas;27/05/2025;Aprovado;Podcast
[GRAVAÇÃO] [BRAND PERFORMANCE] Entrevista Spreed - Misa;May 27, 2025 2:45 PM;Gui Juhas;;Aprovado;Social G4
[REELS] [Tallis] Primocast ;May 27, 2025 3:48 PM;Lucas Liberato;;Cancelado;Social G4
[REELS] [NARDON] Direção certa;May 27, 2025 3:48 PM;Joyce Moraes;30/05/2025;Aprovado;Social G4
[REELS] [NARDON] Sofrimento bom;May 27, 2025 4:25 PM;Raffaella Lima;30/05/2025;Aprovado;Social G4
[REELS] [NARDON] Libere os pesos;May 27, 2025 4:53 PM;Gustavo Cairo;;Aprovado;Social G4
[YOUTUBE] [TG] ENTREVISTA JOVEM PAN;May 28, 2025 9:57 AM;Pedro Augusto;29/05/2025;Aprovado;
[JOURNEY] [T05] [AULA BOAS VINDAS] [BRUNO CUNHA] [28/05/2025];May 28, 2025 11:14 AM;Gui Juhas;29/05/2025;Aprovado;Educação
[REELS] [NARDON] Km 30;May 28, 2025 5:53 PM;Gustavo Cairo;30/05/2025;Aprovado;Social G4
[Case Geração G4] [Corporativo] Gravação e Edição Case https://app.hubspot.com/contacts/7186301/record/2-5260914/10029641878;May 29, 2025 9:41 AM;Raffaella Lima;24/06/2025;Aprovado;Matricial
[Geração G4] [Corporativo] Gravação e Edição de Case Ricardo Passos;May 29, 2025 9:44 AM;Joyce Moraes;18/06/2025;Aprovado;Matricial
[TELÃO] [PELO BRASIL - RJ] COUNTDOWN E DEPOIMENTOS;May 29, 2025 9:52 AM;Gui Juhas;;Aprovado;Matricial
[TELÃO] [PELO BRASIL - RJ] HINO DO BRASIL;May 29, 2025 9:59 AM;Gui Juhas;;Aprovado;Matricial
[TELÃO] [PELO BRASIL - RJ] KV E VINHETAS GERAIS;May 29, 2025 10:00 AM;Wilson Silva;09/06/2025;Aprovado;Matricial
[TELÃO] [PELO BRASIL - RJ] VÍDEOS PRÉ-PALESTRANTES;May 29, 2025 10:01 AM;Wilson Silva;09/06/2025;Aprovado;Matricial
[TELÃO] [PELO BRASIL - RJ] VINHETAS PALESTRANTES;May 29, 2025 10:02 AM;Wilson Silva;09/06/2025;Aprovado;Matricial
[TELÃO] [PELO BRASIL - RJ] BGs PARA SLIDES;May 29, 2025 10:04 AM;Wilson Silva;09/06/2025;Aprovado;Matricial
[PODCAST] [Liderança na Arena] Vinheta, abertura e fechamento;May 29, 2025 10:27 AM;Pedro Augusto;29/05/2025;Aprovado;Podcast
[PODCAST] [LIDERANÇA NA ARENA] EPISÓDIO 1;May 29, 2025 10:46 AM;;29/05/2025;Aprovado;Podcast
[AFTERMOVIE] Onboarding G4;May 29, 2025 10:47 AM;Lucas Liberato;;Aprovado;Matricial
[MATRICIAL] Peça Digital | VTEX DAY - TOTEM;May 29, 2025 2:14 PM;Erik Gomes;30/05/2025;Aprovado;Matricial
[CURSO] Onboarding - Certificação Alfa  - Heitor;May 29, 2025 3:56 PM;Lucas Liberato;29/05/2025;Aprovado;
[DEPOIMENTO] Depoimento do Rafa;May 29, 2025 5:38 PM;Joyce Moraes;04/06/2025;Aprovado;
 O MERCADO DE RELÓGIOS DE LUXO COM KELVYN BENITES | EXTREMOS ;May 30, 2025 4:39 PM;Gustavo Cairo;;Aprovado;Podcast
[REELS] [G4 EDUCAÇÃO] Henrique Dubugras - mentor AI;June 2, 2025 3:34 PM;Gui Juhas;06/06/2025;Aprovado;Social G4
 OBRAS DE LUXO EXIGEM GESTÃO DE OUTRO NÍVEL COM ESTEVÃO FARKASVOLGYI | PAPO DE GESTÃO ;June 2, 2025 4:26 PM;Gustavo Cairo;;Aprovado;Podcast
[GEMP] TRILHA ONBOARDING;June 2, 2025 4:59 PM;Gui Juhas;13/06/2025;Aprovado;Educação
[JOURNEY] [T03] [AULA S&OP] [HEITOR SIVIERO] [29/05/2025];June 2, 2025 5:43 PM;Gui Juhas;03/06/2025;Aprovado;Educação
[Corte de aula] FNN - Misa;June 2, 2025 6:45 PM;Joyce Moraes;09/06/2025;Aprovado;Educação
[G4 GEMP] [CORTE DE DEPOIMENTO] Mix de depoimentos;June 3, 2025 10:50 AM;Gui Juhas;13/06/2025;Aprovado;Educação
[Takes para full cine] [ANIV25] Horizontalizar vídeo;June 3, 2025 1:42 PM;Gui Juhas;;Aprovado;Matricial
[Video da aula do Eslen] [Club] Trilha de competencias emocionais em floripa;June 3, 2025 1:52 PM;Gui Juhas;;Aprovado;Comunidades
[ADs] [IM] [MARCA] Topo de Funil;June 3, 2025 5:08 PM;Gui Juhas;06/06/2025;Aprovado;
[G4 GEMP] Monitoria com Marcela Zaidem;June 4, 2025 11:11 AM;Gui Juhas;13/06/2025;Aprovado;Educação
[REELS] [G4 Capital] Nike;June 5, 2025 10:39 AM;Erik Gomes;;Cancelado;
[YOUTUBE] [G4 EDUCAÇÃO] EMPRESAS ELON MUSK;June 5, 2025 11:15 AM;Raffaella Lima;05/06/2025;Aprovado;Youtube G4
[YOUTUBE] [G4 Educação] Heineken;June 5, 2025 11:16 AM;Gustavo Cairo;05/06/2025;Aprovado;Youtube G4
[REELS] [G4 Educação] Luciano Huck - G4 Pelo Brasil;June 5, 2025 1:12 PM;Gustavo Cairo;;Aprovado;Social G4
[JOURNEY] [T03/T04/T05] [[Aula 07] Diagnóstico Cultural - Cultura como Estratégia Invisível] [MARCELA ZAIDEM] [09/06/2025];June 5, 2025 6:31 PM;Gui Juhas;10/06/2025;Aprovado;Educação
[JOURNEY] [T03/T04/T05] [[Aula 08] Estrutura Organizacional – Crescer com clareza e inteligência] [CLEONILDO SCARABELLO] [10/06/2025];June 5, 2025 6:36 PM;Gui Juhas;;Aprovado;Educação
[JOURNEY] [T03/T04/T05] [[Aula 09] Desenvolvimento de Lideranças – A nova responsabilidade do fundador] [FABÍOLA OVERRATH] [11/06/2025];June 5, 2025 6:40 PM;Pedro Augusto;23/06/2025;Aprovado;Educação
[JOURNEY] [T03/T04/T05] [[Aula 10] Contratações Estratégicas – Contratações que Aceleram (ou Sabotam) a Estratégia] [CADU ALTONA] [12/06/2025];June 5, 2025 6:42 PM;Gustavo Cairo;17/06/2025;Aprovado;Educação
[JOURNEY] [T03/T04/T05] [[Aula 11] Gestão de Performance] [JONATHAN SOUZA] [13/06/2025];June 5, 2025 6:44 PM;Pedro Augusto;23/06/2025;Aprovado;Educação
[JOURNEY] [T03/T04/T05] [[Aula 12] Manifesto de Cultura – O DNA da Empresa, do discurso à prática] [GUILHERME PORTUGAL] [14/06/2025];June 5, 2025 6:47 PM;Pedro Augusto;23/06/2025;Aprovado;Educação
[YOUTUBE] [TALLIS] NY 2;June 6, 2025 8:36 PM;Erik Gomes;;Aprovado;
[YOUTUBE] [TALLIS] FECHAMENTO MAIO;June 6, 2025 8:36 PM;Pedro Augusto;23/06/2025;Aprovado;
[JOURNEY] [ON] CORTE VÍDEO AULA 09;June 8, 2025 11:31 PM;Gustavo Cairo;17/06/2025;Aprovado;Educação
[JOURNEY] [ON] CORTE VÍDEO AULA 09;June 8, 2025 11:37 PM;Gustavo Cairo;17/06/2025;Aprovado;Educação
[JOURNEY] [ON] CORTE VÍDEO AULA 12;June 8, 2025 11:39 PM;Gustavo Cairo;17/06/2025;Aprovado;Educação
[JOURNEY] [ON] CORTE VÍDEOS AULA 10;June 8, 2025 11:41 PM;Gustavo Cairo;;Aprovado;Educação
[MANIFESTO] [ANIVERSÁRIO] MANIFESTO - HERÓIS DO BRASIL;June 9, 2025 1:59 PM;Wilson Silva;;Aprovado;Matricial
[Programas Profissionais] [FORMAÇÃO EM IA] AULA 0 -T01;June 9, 2025 2:41 PM;Lucas Liberato;;Aprovado;
[Programas Profissionais] [FORMAÇÃO EM IA] AULA 1 -T01;June 9, 2025 3:03 PM;Thainá Vilhena;;Aprovado;
[FORMAÇÃO EM IA] Aula 2 - T01;June 9, 2025 5:50 PM;Thainá Vilhena;;Aprovado;Educação
[FORMAÇÃO EM IA] Aula 3 - T01;June 9, 2025 5:57 PM;Raffaella Lima;;Aprovado;Educação
[Programas Profissionais] [FORMAÇÃO EM IA] AULA 4 T01;June 9, 2025 5:59 PM;Raffaella Lima;;Aprovado;
[Programas Profissionais] [FORMAÇÃO EM IA] AULA 5 T01;June 9, 2025 6:07 PM;Gui Juhas;15/08/2025;Aprovado;
[Programas Profissionais] [FORMAÇÃO EM IA] AULA 6 T01;June 9, 2025 6:10 PM;Thainá Vilhena;;Aprovado;
[Programas Profissionais] [FORMAÇÃO EM IA] AULA 7 T01;June 9, 2025 6:13 PM;Lucas Liberato;;Aprovado;
[Programas Profissionais] [FORMAÇÃO EM IA] AULA 8 T01;June 9, 2025 6:14 PM;Thainá Vilhena;;Aprovado;
[ADs] [ANIV G4] Bruno Nardon;June 10, 2025 4:26 PM;Gui Juhas;17/06/2025;Aprovado;Matricial
[ADs] [FG4] Novos Ads - After Movie;June 10, 2025 5:52 PM;Joyce Moraes;;Cancelado;Educação
[CASE] [Traction] Felipe Cogini;June 11, 2025 11:01 AM;;;;
[YOUTUBE] [Nardon] Uma Reflexão sobre Ironman e negócios;June 11, 2025 5:32 PM;Pedro Augusto;;Aprovado;
[YOUTUBE] [Nardon] Casamento do Tallis Gomes | Versão Padrinho;June 11, 2025 6:06 PM;Pedro Augusto;;Aprovado;
[YOUTUBE] [Nardon] Cenário Europeu | Consumo, vendas, atendimento;June 11, 2025 6:08 PM;Erik Gomes;;Cancelado;
[ADs] [IM] Academia de Vendedores - Gravação John;June 12, 2025 5:45 PM;Erik Gomes;06/08/2025;Aprovado;
[DOCUMENTÁRIO] [MATRICIAL] ANIVERSÁRIO G4 2025;June 16, 2025 10:00 AM;Wilson Silva;07/07/2025;Aprovado;Matricial
[GEMP] TRILHA DE CONTEÚDO COM ANTONIO SANTOS;June 16, 2025 11:18 AM;Raffaella Lima;29/07/2025;Aprovado;Educação
[YOUTUBE] [TALLIS] CORTES MÊS DE MAIO;June 16, 2025 11:25 AM;Gui Juhas;;Aprovado;
[GEMP] TRILHA DE CONTEÚDO COM MANOEL GONÇALVES;June 16, 2025 11:32 AM;Raffaella Lima;10/08/2025;Aprovado;Educação
[REELS] [G4 Educação - Shorts] Chamada para vídeo Heineken 1;June 16, 2025 1:47 PM;Raffaella Lima;;Aprovado;Social G4
[REELS] [G4 Educação - Shorts] Chamada para vídeo Heineken 2;June 16, 2025 1:50 PM;Raffaella Lima;;Aprovado;Social G4
[REELS] [G4 Educação - Shorts] Chamada para vídeo Heineken 3;June 16, 2025 1:51 PM;Raffaella Lima;;Aprovado;Social G4
[ADS ALFREDO E TALLIS] [GROWTH] [ANIVERSÁRIO G4];June 16, 2025 2:10 PM;Gustavo Cairo;;Aprovado;Matricial
 A ERA DA POSSE ACABOU. BEM VINDO A ECONOMIA DO USO | PAPO DE GESTÃO ;June 16, 2025 2:47 PM;Gustavo Cairo;;Aprovado;Podcast
[ADs] FNN - ADS - Edição com Motion;June 16, 2025 3:05 PM;Gui Juhas;23/06/2025;Aprovado;Educação
[ADs] [GEMP] Ads - Edição com Motion;June 16, 2025 3:54 PM;;;Cancelado;Educação
[ADs] FG4 - Ads - Edição com Motion;June 16, 2025 4:33 PM;Lucas Liberato;;Cancelado;Educação
 AVIAÇÃO, PRESSÃO E PODER: BASTIDORES DE UMA STARTUP DE JATOS POR ASSINATURA | EXTREMOS ;June 16, 2025 6:43 PM;Gustavo Cairo;;Aprovado;Podcast
[GEMP] TRILHA DE CONTEÚDO COM RODRIGO FERNANDES;June 17, 2025 3:23 PM;Thainá Vilhena;;Aprovado;Educação
 O JOGO INVISÍVEL POR TRÁS DE UM CHEQUE DE VENTURE CAPITAL COM GUSTAVO AHRENDS | PAPO DE GESTÃO ;June 17, 2025 3:52 PM;Gustavo Cairo;;Aprovado;Podcast
Treinamento GE;June 17, 2025 4:02 PM;Gui Juhas;;Aprovado;Educação
[AFTERMOVIE] ALUMNI SPRINTS;June 17, 2025 4:07 PM;Gui Juhas;;Aprovado;
[MATRICIAL] ASSETS TELÃO BH;June 17, 2025 4:29 PM;Pedro Augusto;;Aprovado;Matricial
[ANIVERSÁRIO G4 25 - ADS da diaria 2 - ATORES] [CORPORATIVO]  ATORES EXTERNOS;June 17, 2025 5:31 PM;Joyce Moraes;04/07/2025;Aprovado;Matricial
 GUSTAVO BALBI: O ESTILO QUE DEFINE POSICIONAMENTO | EXTREMOS ;June 18, 2025 11:25 AM;Gustavo Cairo;10/07/2025;Aprovado;Podcast
[GEMP] TRILHA DE CONTEÚDO COM MATT MONTENEGRO;June 18, 2025 1:25 PM;Thainá Vilhena;30/07/2025;Aprovado;Educação
[ANIVERSÁRIO G4 25 - ADS da diaria 1 -[TAN] [CORPORATIVO];June 18, 2025 3:13 PM;Joyce Moraes;;Aprovado;Matricial
GESTÃO COM PROPÓSITO: A FILOSOFIA DA ESSENTIAL NUTRITION | PAPO DE GESTÃO;June 18, 2025 4:25 PM;Gustavo Cairo;;Aprovado;Podcast
[FORMAÇÃO EM IA] Trilha onboarding ;June 18, 2025 5:30 PM;Raffaella Lima;;Aprovado;Educação
[GEMP] TRILHA DE CONTEÚDO COM MARCELA ZAIDEM;June 23, 2025 11:00 AM;Thainá Vilhena;21/08/2025;Aprovado;Educação
[YOUTUBE] [CANAL G4 EDUCAÇÃO] MAGALU;June 23, 2025 11:09 AM;Gustavo Cairo;23/06/2025;Aprovado;Youtube G4
[GEMP] TRILHA DE CONTEÚDO COM MANOEL LINS;June 23, 2025 12:40 PM;Thainá Vilhena;25/07/2025;Aprovado;Educação
[YOUTUBE] [CANAL G4 EDUCAÇÃO] LVMH;June 23, 2025 6:14 PM;Gustavo Cairo;;Cancelado;Youtube G4
 MERCADO IMOBILIÁRIO SEM DOR DE CABEÇA COM VINICIUS MOTTA | EXTREMOS ;June 23, 2025 6:42 PM;Gustavo Cairo;;Aprovado;Podcast
 A HISTÓRIA DO FRANCHISING NO BRASIL COM MARCELO CHERTO | PAPO DE GESTÃO ;June 24, 2025 2:04 PM;Gustavo Cairo;;Aprovado;Podcast
[MATRICIAL] [ANIVERSÁRIO] REELS TRAILER DOC;June 24, 2025 3:17 PM;Joyce Moraes;04/07/2025;Aprovado;Matricial
[Gravação Case] Luiza Russo;June 25, 2025 9:34 AM;;;Cancelado;Matricial
 ALLAN BARROS: O PODER DA CRIATIVIDADE EXPONECIAL NO VAREJO | EXTREMOS ;June 25, 2025 3:53 PM;Gustavo Cairo;;Aprovado;Podcast
[ADs] GEMP - Marcela Zaidem - 3/7;June 26, 2025 10:33 AM;Joyce Moraes;;Cancelado;Educação
[ADs] GEMP - Manoel Lins - 7/7;June 26, 2025 10:36 AM;Lucas Liberato;;Cancelado;Educação
[ADs] GEMP - Matt Montenegro - 07/7;June 26, 2025 10:37 AM;Joyce Moraes;;Aprovado;Educação
[ANIVERSÁRIO G4 25 - ADS CAPTAÇÃO - INTERNO G4] [CORPORATIVO]  ALFREDO SOARES;June 26, 2025 11:37 AM;Gustavo Cairo;;Aprovado;Matricial
[REELS] [G4 EDUCAÇÃO] Romeu Zema no G4 PB BH;June 26, 2025 5:00 PM;Gustavo Cairo;26/06/2025;Aprovado;Social G4
[SCL] Aula Gestão Básica ;June 26, 2025 6:58 PM;;;;Comunidades
[ADS DOCUMENTÁRIO 24 - REAPROVEITAMENTO PARA ANIV 25] [CORPORATIVO] [ANIVERSÁRIO G4 25] TAN;June 27, 2025 4:14 PM;Joyce Moraes;02/07/2025;Aprovado;Matricial
[YOUTUBE] [Nardon - Acelerai;June 29, 2025 7:13 PM;Pedro Augusto;;Aprovado;
[REELS] [G4 EDUCAÇÃO] TRAILER 1 DOC - ALFREDO SOARES;June 30, 2025 2:06 PM;Joyce Moraes;04/07/2025;Aprovado;Social G4
FINTECH DE EDUCAÇÃO: O MODELO INOVADOR DO EDUCBANK COM FABIOLA OVERRATH | PAPO DE GESTÃO ;June 30, 2025 2:21 PM;Erik Gomes;;Aprovado;Podcast
 COMO ESCALAR UMA EMPRESA DE TECH SEM SER HYPE COM JOÃO MORESSI | EXTREMOS ;June 30, 2025 6:24 PM;Gui Juhas;;Aprovado;Podcast
[REELS] [G4 EDUCAÇÃO] TRAILER 2 DOC - BRUNO NARDON;June 30, 2025 8:32 PM;Joyce Moraes;04/07/2025;Aprovado;Social G4
[REELS] [G4 EDUCAÇÃO] TRAILER 3 DOC - TALLIS GOMES;June 30, 2025 8:34 PM;Joyce Moraes;04/07/2025;Aprovado;Social G4
[REELS] [G4 EDUCAÇÃO] TRAILER 4 DOC - CONVIDADOS;June 30, 2025 8:36 PM;Joyce Moraes;04/07/2025;Aprovado;Social G4
[SCL] [MENTORIA ONLINE] 06;July 1, 2025 10:27 AM;Joyce Moraes;04/07/2025;Aprovado;Comunidades
[SOCIAL] [SPRINTS] Bate Papo Misa e Maria Candida ;July 1, 2025 1:49 PM;Pedro Augusto;18/07/2025;Aprovado;
[YOUTUBE] [G4 EDUCAÇÃO] FORMULA 1;July 1, 2025 2:02 PM;Gustavo Cairo;;Cancelado;Youtube G4
[YOUTUBE] [G4 EDUCAÇÃO] HAVAIANAS;July 1, 2025 2:04 PM;Thainá Vilhena;15/08/2025;Aprovado;Youtube G4
COMO VIVER DE MÚSICA, ARTE E MARCA PRÓPRIA COM DJ NINJA | EXTREMOS ;July 1, 2025 2:24 PM;Thainá Vilhena;09/07/2025;Aprovado;Podcast
[ADs] [CORPORATIVO] [ANIVERSÁRIO G4] HENRIQUE DUBUGRAS;July 1, 2025 3:04 PM;Raffaella Lima;01/07/2025;Aprovado;Matricial
 ALTA PERFORMANCE NÃO TEM PRAZO DE VALIDADE COM NICHOLAS SANTOS | A JORNADA ;July 1, 2025 3:07 PM;Thainá Vilhena;09/07/2025;Aprovado;Podcast
[ADs] [CORPORATIVO] [ANIVERSÁRIO G4] Elaine Sil;July 1, 2025 4:45 PM;Raffaella Lima;;Aprovado;Matricial
[REELS] [G4 EDUCAÇÃO] Corte Doc Convidado - Cris Junqueira;July 2, 2025 9:01 AM;Thainá Vilhena;02/07/2025;Aprovado;Social G4
ELES TRANSFORMARAM AÇAÍ EM MÁQUINA DE CRESCIMENTO | EXTREMOS ;July 2, 2025 9:45 AM;Gustavo Cairo;;Aprovado;Podcast
Motions Doc;July 2, 2025 2:13 PM;Pedro Augusto;07/07/2025;Aprovado;Matricial
UpSell - [Pass] TG;July 2, 2025 2:38 PM;Joyce Moraes;04/07/2025;Aprovado;Matricial
COMO GERENCIAR UM ECOSSISTEMA DE MARCAS DE BELEZA COM PEDRO CASTRO | PAPO DE GESTÃO;July 2, 2025 2:50 PM;Erik Gomes;;Aprovado;Podcast
[CURSO] Liderança de Alta Performance - Módulo 8;July 2, 2025 3:30 PM;;14/07/2025;Aprovado;Educação
[CURSO] Gente e Cultura 4.0 - Módulos 6, 7 e 8;July 2, 2025 3:34 PM;;14/07/2025;Aprovado;Educação
[ADs] [CORPORATIVO] [ANIVERSÁRIO G4] ESTEVÃO FARKAS;July 2, 2025 5:28 PM;Erik Gomes;07/07/2025;Aprovado;Matricial
[SCALE] [WebMeeting] - Gestão (Avançado) ;July 3, 2025 9:12 AM;Gustavo Cairo;22/07/2025;Aprovado;Comunidades
[SCALE] [WebMeeting] - Workshop IA;July 3, 2025 9:49 AM;Wilson Silva;22/07/2025;Aprovado;Comunidades
[SCALE] [WebMeeting] - Gestão (Básico);July 3, 2025 9:56 AM;Wilson Silva;22/07/2025;Aprovado;Comunidades
[CURSO] CRIPTOATIVOS NA ESTRATÉGIA EMPRESARIAL;July 3, 2025 10:12 AM;Thainá Vilhena;;Blocked;Educação
[ADs] [BU] [Aniversário G4 - 25] Tallis Gomes;July 3, 2025 11:04 AM;Erik Gomes;05/07/2025;Aprovado;Matricial
[SCALE] [WebMeeting] 02;July 3, 2025 1:49 PM;Gui Juhas;;Aprovado;Comunidades
[CURSO] CONSTRUINDO METAS REALISTAS E DESAFIADORAS;July 3, 2025 2:42 PM;Gui Juhas;;Aprovado;Educação
[ADs] [CORPORATIVO] [ANIVERSÁRIO G4] TUCA TAPAJÓS;July 3, 2025 4:00 PM;Erik Gomes;07/07/2025;Aprovado;Matricial
[ADs] [CORPORATIVO] [ANIVERSÁRIO G4] CRIS JUNQUEIRA;July 3, 2025 5:42 PM;Thainá Vilhena;07/07/2025;Aprovado;Matricial
[ADs] [CORPORATIVO] [ANIVERSÁRIO G4] PAULO;July 3, 2025 5:49 PM;Gustavo Cairo;07/07/2025;Aprovado;Matricial
[YOUTUBE] [TG] JANTAR PADRINHOS + PB RJ;July 3, 2025 6:46 PM;Lucas Liberato;;Aprovado;
[YOUTUBE] [TG] PRE-WEDDING    ;July 3, 2025 6:47 PM;Lucas Liberato;;Aprovado;
[YOUTUBE] [TG] CASAMENTO;July 4, 2025 11:31 AM;Pedro Augusto;22/07/2025;Aprovado;
[YOUTUBE] [TG] LUA DE MEL PT.01;July 4, 2025 11:33 AM;Joyce Moraes;;Aprovado;
[YOUTUBE] [TG] LUA DE MEL PT.02;July 4, 2025 11:33 AM;Joyce Moraes;;Aprovado;
[YOUTUBE] [TG] FECHAMENTO JUNHO E PB BH;July 4, 2025 11:33 AM;Pedro Augusto;13/08/2025;Aprovado;
[ADs] [CORPORATIVO] [ANIVERSÁRIO G4] ALFREDO Cortes Panico Aniv25;July 4, 2025 12:18 PM;Lucas Liberato;;Aprovado;Matricial
[ADs] [CORPORATIVO] [ANIVERSÁRIO G4] TG - 🚨PRIORIDADE MÁXIMA;July 4, 2025 2:48 PM;Gui Juhas;07/07/2025;Aprovado;Matricial
[CURSO] PROCESSOS E ROTINAS OPERACIONAIS;July 4, 2025 5:09 PM;Thainá Vilhena;;Blocked;Educação
 [CURSO] CRIANDO UM PODCAST NA SUA EMPRESA;July 4, 2025 5:15 PM;Thainá Vilhena;;Aprovado;Educação
Edição da gravação Traction 74;July 4, 2025 6:09 PM;Erik Gomes;24/07/2025;Aprovado;
[ADs] [CORPORATIVO] [ANIVERSÁRIO G4] Tallis Gomes - Estúdio G4;July 4, 2025 7:10 PM;Gustavo Cairo;10/07/2025;Aprovado;Matricial
[REELS] [G4 EDUCAÇÃO] Itau x Nubank;July 5, 2025 5:28 PM;Wilson Silva;07/07/2025;Aprovado;Social G4
[REELS] [G4 EDUCAÇÃO] Shein e Kodak;July 7, 2025 2:21 PM;Erik Gomes;;Aprovado;Social G4
[ANIV] - Recuperação de carrinho nominal;July 7, 2025 4:03 PM;Wilson Silva;11/07/2025;Aprovado;Matricial
[REELS] [G4 EDUCAÇÃO] G4 História;July 7, 2025 4:23 PM;Gustavo Cairo;10/07/2025;Aprovado;Social G4
[PTZ] [INTEGRA] AC. LIDERANÇA T01;July 8, 2025 5:43 PM;Gui Juhas;;Aprovado;
[AFTERMOVIE] Academia de Liderança T01;July 8, 2025 5:46 PM;Erik Gomes;14/08/2025;Aprovado;
[REELS] [G4 EDUCAÇÃO] Aftermovie Aula Nardon;July 9, 2025 5:37 PM;Wilson Silva;10/07/2025;Aprovado;Social G4
[Traction] Treinamento comercial;July 9, 2025 11:46 PM;Joyce Moraes;;Aprovado;Educação
[YOUTUBE] [G4 EDUCAÇÃO] motion informativo - ações da LIVE da AULA 2;July 10, 2025 10:24 AM;Pedro Augusto;;Aprovado;Youtube G4
[REELS] [G4 EDUCAÇÃO] Cortes Aula Nardon;July 10, 2025 3:37 PM;Joyce Moraes;;Aprovado;Social G4
[REELS] [G4 EDUCAÇÃO] Cortes Alfredo Soares;July 10, 2025 3:42 PM;Gustavo Cairo;14/07/2025;Aprovado;Social G4
[REELS] [G4 EDUCAÇÃO] Mashup Alfredo;July 11, 2025 11:24 AM;Pedro Augusto;;Aprovado;Social G4
[ADs] Aniv25 - Motion Banner Youtube;July 11, 2025 3:05 PM;Wilson Silva;14/07/2025;Aprovado;Matricial
[SKILLS] Recorte no vídeo Onboarding PASS;July 11, 2025 4:20 PM;Lucas Liberato;;Aprovado;Educação
[ADs] [CORPORATIVO] [ANIVERSÁRIO G4 - G4 PASS] TAN;July 14, 2025 1:26 PM;Wilson Silva;14/07/2025;Aprovado;Educação
[REELS] [Nardon] Cortes da Aula + CTA;July 14, 2025 2:37 PM;Joyce Moraes;;Aprovado;Social G4
[REELS] [Alfredo] Cortes da Aula + CTA;July 14, 2025 2:41 PM;Gustavo Cairo;;Aprovado;Social G4
[ADs] [PG] [GE] Colocar o selo/tag/faixa/moldura do ANIVERSÁRIO G4;July 14, 2025 3:17 PM;Wilson Silva;;Aprovado;
[ADs] [PG] [TRACTION] Colocar o selo/tag/faixa/moldura do ANIVERSÁRIO G4;July 14, 2025 3:42 PM;Lucas Liberato;;Aprovado;
[REELS] [G4 EDUCAÇÃO] Corte Aula TG;July 15, 2025 9:27 AM;Gustavo Cairo;;Aprovado;Social G4
[ADs] [ANIVERSÁRIO] PASS E UPSELL;July 15, 2025 10:40 AM;Wilson Silva;22/07/2025;Aprovado;Matricial
[ADs] [CORPORTATIVO] [G4 PASS - ANIV G4 25] Tallis Gomes;July 15, 2025 3:13 PM;Joyce Moraes;16/07/2025;Aprovado;Matricial
[ADs] [ANIV25] EDITAR ADS PRONTOS;July 15, 2025 3:26 PM;Wilson Silva;16/07/2025;Aprovado;Matricial
[ADs de UPSELL] [CORPORATIVO] [Aniversário G4 - G4 PASS] Alfredo;July 15, 2025 5:24 PM;Gustavo Cairo;;Aprovado;Matricial
[SKILLS] [CASE] Monica;July 15, 2025 6:47 PM;Erik Gomes;22/09/2025;Aprovado;Educação
[Renan Lopes] [SKILLS] CASE;July 15, 2025 6:48 PM;Erik Gomes;24/07/2025;Aprovado;
[Luis Guilherme] [SKILLS] Case SKILLS;July 15, 2025 6:50 PM;Wilson Silva;24/07/2025;Aprovado;Educação
[Maria Fernanda] [SKILLS] Case SKILLS;July 15, 2025 6:51 PM;Wilson Silva;25/07/2025;Aprovado;Educação
[BETINA] [SKILLS] Case SKILLS;July 15, 2025 6:52 PM;Wilson Silva;25/07/2025;Aprovado;Educação
[ADs] [Aniv25] | GE;July 16, 2025 10:34 AM;Wilson Silva;17/07/2025;Aprovado;Matricial
[ADs] [ANIV25] EDITAR ADS PRONTOS NOVAMENTE;July 16, 2025 11:07 AM;Wilson Silva;17/07/2025;Aprovado;Matricial
[ADs] [PG] [GE] TG;July 16, 2025 11:22 AM;Lucas Liberato;17/07/2025;Aprovado;
[ADs]  | Traction - Tallis Gomes;July 16, 2025 11:31 AM;Gui Juhas;;Aprovado;Matricial
[ADs] [Aniv25] Pass;July 16, 2025 1:12 PM;Wilson Silva;17/07/2025;Aprovado;Matricial
[DEPOIMENTO] G4 Traction - Turma 65 - Vivian Ferreira;July 16, 2025 1:42 PM;Erik Gomes;23/07/2025;Aprovado;
[ADs] [BAU] [Programas presenciais] TG;July 16, 2025 1:44 PM;Joyce Moraes;;Aprovado;
[DEPOIMENTO] G4 Traction - Turma 65 - Allyson Mendes;July 16, 2025 1:50 PM;Erik Gomes;23/07/2025;Aprovado;
[ADs] [Programas presenciais] Bruno Nardon;July 16, 2025 3:46 PM;Wilson Silva;22/07/2025;Aprovado;
[YOUTUBE] [NARDON] PELO BRASIL BH;July 16, 2025 4:47 PM;Pedro Augusto;;Aprovado;
[ADs] [PG] [FNN] ALFREDO;July 17, 2025 9:59 AM;Joyce Moraes;;Aprovado;Educação
[ADs] [ANIV25] EDITAR ADS MAIS UM TESTE;July 17, 2025 11:18 AM;Wilson Silva;18/07/2025;Aprovado;Matricial
[DEPOIMENTO] G4 Traction - Turma 65 - Franciele Dantas;July 17, 2025 1:34 PM;Raffaella Lima;23/07/2025;Aprovado;
[DEPOIMENTO] G4 Traction - Turma 65 - Tawhane Silva;July 17, 2025 1:37 PM;Raffaella Lima;22/07/2025;Aprovado;
[DEPOIMENTO] G4 Traction - Turma 65 - Leonardo Pedrini;July 17, 2025 1:38 PM;Raffaella Lima;22/07/2025;Aprovado;
[ADs] [ANIV25] [G4] Edição de Ads Novos - TG;July 17, 2025 3:53 PM;Wilson Silva;18/07/2025;Aprovado;Matricial
[ADs] [ANIV25] [G4] Gravação de ADs - MISA;July 17, 2025 4:20 PM;Wilson Silva;22/07/2025;Aprovado;Matricial
Curso Introdução à IA para Negócios -  ajustes em vídeos;July 17, 2025 4:30 PM;Thainá Vilhena;;Aprovado;Educação
[ADs] [GE] [TRACTION] VIDEO ESPECIFICO COM DEPOIMENTOS DOS 2 PP.;July 18, 2025 9:11 AM;Erik Gomes;16/07/2025;Cancelado;Matricial
[ADs] [ANIV25] [BAU] Edição dos vídeos - Alfredo;July 18, 2025 12:30 PM;Wilson Silva;18/07/2025;Aprovado;Matricial
[GEMP] TRILHA DE CONTEÚDO COM MANOEL LINS -  Vídeo para WhatsApp;July 18, 2025 1:06 PM;Thainá Vilhena;24/07/2025;Aprovado;Educação
[ADs] [PG] [GEMP] Manoel Lins - 21.7;July 18, 2025 2:04 PM;Lucas Liberato;;Aprovado;
Tour G4 Pass - Edição;July 18, 2025 3:16 PM;Thainá Vilhena;;Aprovado;Educação
[ADs] [PG] [FNN] Edição de Vídeo Wide - Alfredo;July 18, 2025 3:23 PM;Pedro Augusto;;Aprovado;Educação
[ADs] [ANIV25] Variação Ads Best Performance;July 18, 2025 3:35 PM;Wilson Silva;22/07/2025;Aprovado;Matricial
[ADs] [PG] [ANIV25] Ajustar Vid TG;July 19, 2025 9:54 AM;Thainá Vilhena;;Aprovado;
[REELS] [G4 Educação] G4 Pass - Provas Sociais;July 20, 2025 5:49 PM;Erik Gomes;;Aprovado;Social G4
[YOUTUBE] [Nardon - Tour de France;July 21, 2025 10:54 AM;Pedro Augusto;;Aprovado;
[GEMP] TRILHA DE CONTEÚDO COM RODRIGO MAROJA - ABERTURA + WHATSAPP;July 21, 2025 11:34 AM;Thainá Vilhena;20/08/2025;Aprovado;Educação
 IA NA PRÁTICA: COMO USAR INTELIGÊNCIA ARTIFICIAL PARA LUCRAR DE VERDADE COM RAFAEL MILAGRE | PAPO DE GESTÃO ;July 21, 2025 3:37 PM;Gustavo Cairo;;Aprovado;Podcast
[Vídeo] [G4 Capital] Televisão Pôker com parceiros;July 22, 2025 1:49 PM;Pedro Augusto;23/07/2025;Aprovado;G4 Tools
 CONSTRUIR MARCAS SAUDÁVEIS E LUCRATIVAS: O MODELO DA POSITIVO COMPANY COM RODRIGO CARVALHO | PAPO DE GESTÃO ;July 22, 2025 2:59 PM;Gustavo Cairo;;Aprovado;Podcast
[CURSO] Fundamentos em LGPD;July 23, 2025 11:02 AM;Thainá Vilhena;;Aprovado;Educação
[INSTITUCIONAL] G4 HUB;July 23, 2025 11:22 AM;Lucas Liberato;11/08/2025;Aprovado;Comunidades
[VINHETAS MENTORES GDP];July 23, 2025 11:56 AM;;;Cancelado;
[AFTERMOVIE] WELCOME COMPANY - SCALE;July 23, 2025 12:00 PM;Amanda Rui;13/08/2025;Aprovado;Comunidades
 DO VAREJO RAÍZ À FRANQUIA GIGANTE: A HISTÓRIA DA CELLAIRIS COM JONATHAN BENITEZ | EXTREMOS ;July 23, 2025 1:30 PM;Lucas Liberato;06/08/2025;Aprovado;Podcast
[CURSO] D2C;July 23, 2025 2:31 PM;Thainá Vilhena;;Aprovado;Educação
Onboarding Skills;July 23, 2025 4:01 PM;Thainá Vilhena;;Aprovado;Educação
[ADs] [GEMP] MARCELA ZAIDEM;July 23, 2025 4:43 PM;Erik Gomes;12/09/2025;Aprovado;Educação
[SCL] [Mentoria Online] 07;July 23, 2025 4:46 PM;Raffaella Lima;;Cancelado;Comunidades
Edição da gravação Traction 75;July 24, 2025 1:46 PM;Gui Juhas;;Aprovado;
"[ADs] [PAID] [ANIV25] Corte do Documentário ""Heróis do Brasil”";July 24, 2025 2:10 PM;Wilson Silva;25/07/2025;Aprovado;Matricial
 CUSTOMER EXPERIENCE COMO ALAVANCA DE CRESCIMENTO COM TOMÁS DUARTE | PAPO DE GESTÃO ;July 24, 2025 5:52 PM;Wilson Silva;;Aprovado;Podcast
 DE CAMELÔ À MIAMI: A HISTÓRIA DA LABELLAMAFIA COM GIULLIANO PUGA | EXTREMOS ;July 25, 2025 3:49 PM;Raffaella Lima;;Aprovado;Podcast
[AFTERMOVIE] G4 CLUB - FUTEBOL NO ALLIANZ - ADV;July 28, 2025 11:01 AM;Lucas Liberato;;Aprovado;Comunidades
[SHORTS] [TG] Cortes TG vs Demitidos;July 28, 2025 11:39 AM;Pedro Augusto;18/08/2025;Aprovado;Social G4
[G4 GEMP] [TURMA 08] Aula 1: Pilares da Eficiência do Empreendedor;July 28, 2025 3:30 PM;Gui Juhas;06/08/2025;Aprovado;Educação
[G4 GEMP] [TURMA 08] Aula 2: Posicionamento Estratégico;July 28, 2025 3:35 PM;Raffaella Lima;;Aprovado;Educação
[G4 GEMP] [TURMA 08] Aula 3: Direcionamento do Negócio;July 28, 2025 3:37 PM;Thainá Vilhena;22/08/2025;Aprovado;Educação
[G4 GEMP] [TURMA 08] Aula 4: Canais de Aquisição;July 28, 2025 3:41 PM;Raffaella Lima;27/08/2025;Aprovado;Educação
[G4 GEMP] [TURMA 08] Aula 5: Conversão de Demanda;July 28, 2025 3:45 PM;Raffaella Lima;;Aprovado;Educação
[G4 GEMP] [TURMA 08] Aula 7: Processos e Rotinas de Gestão;July 28, 2025 3:47 PM;Thainá Vilhena;16/09/2025;Aprovado;Educação
[G4 GEMP] [TURMA 08] Aula 6: Construção de times e jornada do colaborador;July 28, 2025 3:49 PM;Thainá Vilhena;15/09/2025;Aprovado;Educação
[G4 GEMP] [TURMA 08] Aula 9: Gerenciamento de alavancas financeiras;July 28, 2025 3:54 PM;Gui Juhas;24/09/2025;Aprovado;Educação
[G4 GEMP] [TURMA 08] Aula 8: Mentoria com Jonathan Souza;July 28, 2025 3:55 PM;Thainá Vilhena;17/09/2025;Aprovado;Educação
[G4 GEMP] [TURMA 09] Aula 1: Pilares da Eficiência do Empreendedor;July 28, 2025 4:13 PM;Gui Juhas;;Aprovado;Educação
[G4 GEMP] [TURMA 09] Aula 2: Posicionamento Estratégico;July 28, 2025 4:19 PM;Gui Juhas;;Aprovado;Educação
[G4 GEMP] [TURMA 09] Aula 3: Direcionamento do Negócio;July 28, 2025 4:20 PM;Gui Juhas;09/10/2025;Aprovado;Educação
[G4 GEMP] [TURMA 09] Aula 4: Canais de Aquisição;July 28, 2025 4:22 PM;Thainá Vilhena;17/10/2025;Aprovado;Educação
[G4 GEMP] [TURMA 09] Aula 5: Conversão de Demandas;July 28, 2025 4:24 PM;Gui Juhas;24/10/2025;Aprovado;Educação
[G4 GEMP] [TURMA 09] Aula 6: Construção de Times e Jornada do Colaborador;July 28, 2025 4:27 PM;Thainá Vilhena;31/10/2025;Aprovado;Educação
[G4 GEMP] [TURMA 09] Aula 7: Processos e Rotinas de Gestão;July 28, 2025 4:30 PM;Thainá Vilhena;12/11/2025;Aprovado;Educação
[G4 GEMP] [TURMA 09] Aula 8: Gerenciamento de Alavancas Financeiras;July 28, 2025 4:33 PM;Thainá Vilhena;13/11/2025;Aprovado;Educação
[ADs] [CORPORATIVO] [ANIVERSÁRIO G4 (DOWNSELL) G4 IA na Prática] João Vitor;July 29, 2025 8:47 AM;Raffaella Lima;;Aprovado;Educação
[ADs] [G4 IA na Prática] Tallis Gomes;July 29, 2025 9:29 AM;Wilson Silva;31/07/2025;Aprovado;Matricial
[YOUTUBE] [Nardon - Kaite no PREA;July 29, 2025 11:36 AM;Pedro Augusto;;Aprovado;
[REELS] [Nardon - Chamada para Youtube - Video PREA;July 29, 2025 11:37 AM;Lucas Liberato;;Aprovado;Social G4
[ADs] [PG] [GE] TG - 29.07.25;July 29, 2025 12:26 PM;Pedro Augusto;30/07/2025;Aprovado;Matricial
[ADs] [SELFCHECKOUT] [MIX] Alfredo;July 29, 2025 2:52 PM;Erik Gomes;31/07/2025;Aprovado;
Edição de pílulas de conteúdo para Skills;July 29, 2025 3:03 PM;;;Cancelado;
[REELS] [TALLIS GOMES] ;July 29, 2025 3:03 PM;Pedro Augusto;;Aprovado;
[YOUTUBE] [TG] JANTAR SÓCIOS;July 29, 2025 4:19 PM;Joyce Moraes;;Aprovado;
[ADs] [SELFCHECKOUT] [GDP] Tallis + Aftermovie;July 29, 2025 4:40 PM;Raffaella Lima;31/07/2025;Aprovado;
[ADs] [SELFCHECKOUT] [FNN+FG4] Cortes TG;July 29, 2025 4:54 PM;Pedro Augusto;18/08/2025;Aprovado;Educação
[ADs] [SELFCHECKOUT] [G4 CX] Corte Aftermovie;July 29, 2025 5:09 PM;Wilson Silva;31/07/2025;Aprovado;
[Skills] [AI na prática] Aula Magna - T01;July 29, 2025 6:26 PM;Thainá Vilhena;;Aprovado;Educação
[REELS] [G4 EDUCAÇÃO] Cultura G4 - Rene;July 30, 2025 9:19 AM;Erik Gomes;;Aprovado;Social G4
[Skills] [AI na prática] Aula 1 - T01;July 30, 2025 10:16 AM;Thainá Vilhena;;Aprovado;Educação
[Skills] [AI na prática] Aula 2 - T01;July 30, 2025 10:27 AM;Thainá Vilhena;;Aprovado;Educação
[CLASS 15] VÍDEO ABERTURA;July 30, 2025 11:06 AM;Wilson Silva;25/08/2025;Aprovado;Comunidades
[ADs] [PG] [GE] ALFREDO SOARES - 30.7;July 30, 2025 2:04 PM;Wilson Silva;31/07/2025;Aprovado;
[CURSO] Finanças para não Financeiros - Giovanni Colacicco;July 30, 2025 3:36 PM;Thainá Vilhena;;Aprovado;Educação
[AFTERMOVIE] Jantar dos Partners;July 30, 2025 3:36 PM;Joyce Moraes;;Aprovado;Matricial
[Skills] [AI na prática] Aula 3 - T01;July 30, 2025 3:40 PM;Thainá Vilhena;;Aprovado;Educação
[Skills] [AI na prática] Aula 4 - T01;July 30, 2025 3:43 PM;Gustavo Cairo;;Aprovado;Educação
[Skills] [AI na prática] Aula 5 - T01;July 30, 2025 3:56 PM;Thainá Vilhena;;Aprovado;Educação
[Skills] [AI na prática] Aula 6 - T01;July 30, 2025 4:08 PM;Thainá Vilhena;;Aprovado;Educação
[REELS] [G4 EDUCAÇÃO] G4 Na Prática;July 30, 2025 4:34 PM;Erik Gomes;;Cancelado;Social G4
[SCL] [Mentoria Online] 07;July 30, 2025 5:27 PM;Raffaella Lima;05/08/2025;Aprovado;Comunidades
[REELS] [G4] Quem é o Nardon;July 30, 2025 6:49 PM;Wilson Silva;07/08/2025;Aprovado;Social G4
[REELS] [G4]Quem é o Alfredo?;July 30, 2025 6:51 PM;Wilson Silva;26/08/2025;Aprovado;Social G4
[REELS] [G4] Quem é o Tallis;July 30, 2025 6:54 PM;Wilson Silva;26/08/2025;Aprovado;Social G4
[REELS] [G4]Quem é a Misa?;July 30, 2025 7:36 PM;Wilson Silva;26/08/2025;Aprovado;Social G4
[ON] [G4 JOURNEY] Turma 06 e 07;July 31, 2025 10:38 AM;Gui Juhas;;Aprovado;Educação
[CURSO] Desenvolvimento de pessoas como pilar estratégico - Cleonildo Scarabello;July 31, 2025 1:16 PM;Thainá Vilhena;;Aprovado;Educação
[CURSO] Como fazer rebranding de marca ;July 31, 2025 2:46 PM;Thainá Vilhena;05/11/2025;Aprovado;Educação
[ADs] [PG] REPORT GE com TG;July 31, 2025 3:36 PM;Joyce Moraes;;Aprovado;
[ADs] [PG] [REPORT RELANCAMENTO DE GE] JULIAN TONIOLI;July 31, 2025 3:46 PM;Wilson Silva;05/08/2025;Aprovado;
[MANIFESTO] [G4 Valley] Tallis Gomes;July 31, 2025 5:15 PM;Pedro Augusto;;Aprovado;Matricial
[ADs] [BU] [G4 Valley] Tallis Gomes;July 31, 2025 5:40 PM;Lucas Liberato;;Aprovado;Matricial
"[ADs] [PAID] [Depoimentos] Corte do Documentário ""Heróis do Brasil” - G4 Online";July 31, 2025 6:41 PM;Joyce Moraes;;Aprovado;Matricial
[ADs] [PAID] [G4 Online] Cortes Mentores;July 31, 2025 7:29 PM;Joyce Moraes;08/08/2025;Aprovado;Educação
[CURSO] Segurança da Informação - Juan Kleber;July 31, 2025 10:55 PM;Thainá Vilhena;;Aprovado;Educação
[CURSO] O papel do lider como mentor;August 4, 2025 3:23 PM;Thainá Vilhena;;Aprovado;Educação
[CURSO] Planos fundamentais para o desenvolvimento de pessoas - Cleo Scarabello;August 4, 2025 3:25 PM;Thainá Vilhena;08/10/2025;Aprovado;Educação
[YOUTUBE] [Nardon - OneDay + Reforbma do APTO;August 5, 2025 11:12 AM;Pedro Augusto;;Aprovado;
[REELS] [Nardon - Oneday +APTO;August 5, 2025 11:25 AM;Erik Gomes;;Aprovado;Social G4
[PODCAST] [EXTREMOS] LASARO DO CARMO;August 5, 2025 11:26 AM;Wilson Silva;05/08/2025;Aprovado;Podcast
 DO EMPREENDEDORISMO AO GOVERNO DE MINAS GERAIS COM ROMEU ZEMA | VOX LUMINIS ;August 5, 2025 2:14 PM;Pedro Augusto;;Aprovado;Podcast
[ADs] [PG] [GE] RELANÇAMENTO HATAB;August 5, 2025 2:59 PM;Raffaella Lima;11/08/2025;Aprovado;
 SEU ELIAS: DA CADEIRA DE BARBEIRO AO PALCO DO EMPREENDEDORISMO | EXTREMOS ;August 5, 2025 4:52 PM;Joyce Moraes;;Aprovado;Podcast
[JOURNEY] [T06 e T07] [AULA INAUGURAL] [BRUNO CUNHA] [05/08/2025];August 5, 2025 6:28 PM;Gustavo Cairo;05/08/2025;Aprovado;Educação
[REELS] [G4 Educação] Aquecimento - Valley;August 6, 2025 10:54 AM;Thainá Vilhena;;Cancelado;Social G4
[REELS] [G4 EDUCAÇÃO] Quem sou eu;August 6, 2025 4:17 PM;;;Cancelado;Social G4
[GEMP] TRILHA DE CONTEÚDO COM RODRIGO MAROJA - TRILHAS;August 7, 2025 10:31 AM;Thainá Vilhena;;Aprovado;Educação
[ADs] [PG] [GE] VINHETA COM NOVO KV;August 7, 2025 12:00 PM;Pedro Augusto;15/08/2025;Aprovado;
[ADs] [PG] [GE] Vídeo Upsell - Relançamento de GE;August 7, 2025 3:19 PM;Lucas Liberato;;Aprovado;
[CURSO] [APENAS GRAVAÇÃO] PALESTRA HARVARD NARDON;August 7, 2025 4:15 PM;Amanda Rui;;Aprovado;Educação
[EDIÇÃO] Video em Looping Feira CON25;August 7, 2025 4:56 PM;Gui Juhas;;Aprovado;Matricial
[CLASS 15] KV ANIMADO + VINHETAS GERAIS;August 7, 2025 6:46 PM;Wilson Silva;25/08/2025;Aprovado;Comunidades
[CLASS 15] VINHETAS DE INICIAREMOS/VOLTAREMOS;August 7, 2025 6:47 PM;Wilson Silva;25/08/2025;Aprovado;Comunidades
[CLASS 15] VINHETAS DE PALESTRANTES/PAINÉIS;August 7, 2025 6:47 PM;Wilson Silva;25/08/2025;Aprovado;Comunidades
[CLASS 15] VINHETA FESTA;August 7, 2025 6:48 PM;Wilson Silva;25/08/2025;Aprovado;Comunidades
[ADs] [PG] [GE] Rogério Melzi;August 8, 2025 5:54 PM;Gui Juhas;19/08/2025;Aprovado;
[ADs] [PAID] [Depoimento] Corte do de um reels postado - Alfredo;August 8, 2025 6:00 PM;Joyce Moraes;11/08/2025;Aprovado;Matricial
[GE] [Board Consultivo] Rogério Melzi;August 8, 2025 6:01 PM;Erik Gomes;22/01/2026;Aprovado;
Treinamento de vendas - Skills;August 8, 2025 6:01 PM;Thainá Vilhena;;Aprovado;Educação
[ADs] [PG] [GE] Henri Zylberstajn;August 8, 2025 6:03 PM;Erik Gomes;21/08/2025;Aprovado;
[ADs] [PG] [GE] Dennis Wang;August 8, 2025 6:04 PM;Gui Juhas;27/08/2025;Aprovado;
[ADs] [PAID] [Aftermovie] Corte do aftermovie de G4 Academia de Liderança par ads;August 8, 2025 6:15 PM;Erik Gomes;;Aprovado;Matricial
[SCL] - Scale Meeting - T02A Operações & Processos;August 11, 2025 11:15 AM;Gui Juhas;;Cancelado;Comunidades
[SCALE] - Workshop Estratégico - T02B DIA 2 - Operações & Processos;August 11, 2025 11:22 AM;Renata Nascimento;;Aprovado;Comunidades
[SCALE] - Workshop Estratégico - T02B DIA1 - Operações & Processos;August 11, 2025 11:25 AM;Renata Nascimento;;Aprovado;Comunidades
[YOUTUBE] [Nardon - iron 70.3 Rio;August 11, 2025 12:40 PM;Pedro Augusto;;Aprovado;
[REELS] [Youtube Nardon - 70.3 Rio;August 11, 2025 12:53 PM;Joyce Moraes;;Aprovado;Social G4
[ADs] [SPRINTS] [AR] BRUNO CUNHA;August 11, 2025 2:04 PM;Erik Gomes;21/08/2025;Aprovado;
 M&A, GOVERNANÇA E CAP TABLE: O JOGO GRANDE DAS NEGOCIAÇÕES COM CAROL AUDI | PAPO DE GESTÃO ;August 11, 2025 4:55 PM;Gui Juhas;;Aprovado;Podcast
Edição da Gravação TRA-076 - Dia 1;August 12, 2025 10:07 AM;Gui Juhas;;Aprovado;
[G4 Valley - lote 1] Vídeo abertura de ingressos.;August 12, 2025 11:04 AM;Lucas Liberato;;Aprovado;Matricial
G4 Traction - Corte de podcast para adicionar na aula (Mentor Gustavo Martins);August 12, 2025 1:38 PM;Joyce Moraes;;Aprovado;Educação
[ADs] [GE] Relançamento GE - Ads Maria Candida ;August 12, 2025 1:55 PM;Pedro Augusto;;Aprovado;
[ADs] [PG] [GE] Comunidade Heróis do Brasil - Ads Hatab;August 12, 2025 2:01 PM;Pedro Augusto;13/08/2025;Aprovado;
[ADs] [PG] [GEMP] Rodrigo Maroja;August 12, 2025 3:14 PM;Lucas Liberato;18/08/2025;Aprovado;
[ADs] [PP] [MKT&GROWTH] Felipe Hatab;August 12, 2025 3:53 PM;Lucas Liberato;15/08/2025;Aprovado;
[ADS DE PRÉ-INSCRIÇÃO] [CORPORATIVO] [G4 VALLEY] ALUNOS DO DOC HERÓIS DO BRASIL;August 13, 2025 10:43 AM;Gui Juhas;15/08/2025;Aprovado;Matricial
 DE EMPRESA FAMILIAR AO IPO: O CRESCIMENTO BILIONÁRIO DA LEVEROS COM TIZIANO PRAVATO | PAPO DE GESTÃO ;August 13, 2025 2:18 PM;Gui Juhas;18/08/2025;Aprovado;Podcast
[REELS] [ALFREDO SOARES] Cortes Valley;August 13, 2025 3:57 PM;Raffaella Lima;15/08/2025;Aprovado;Social G4
[REELS] [Tallis Gomes] Cortes G4 Valley;August 13, 2025 3:59 PM;Pedro Augusto;15/08/2025;Aprovado;
[GERAL] [PG] Case Allu - Pedro Sant’Anna - Relançamento GE;August 13, 2025 4:08 PM;Raffaella Lima;;Aprovado;
[GERAL] [PG] Case Jorge Advogados - Victor Jorge - Relançamento GE;August 13, 2025 4:17 PM;Raffaella Lima;;Aprovado;
[ADS][PAID][G4 Online] - Novo Formato de Ads;August 14, 2025 11:50 AM;Wilson Silva;15/08/2025;Aprovado;Educação
[ADs][PG][FG4 + GEMP] - Ideia de Produção de Vídeo;August 14, 2025 11:57 AM;Gustavo Cairo;03/09/2025;Aprovado;Educação
Curso Comunicação para Alta Performance;August 14, 2025 4:51 PM;Thainá Vilhena;;Aprovado;Educação
[YOUTUBE] Nardon - Market4u;August 14, 2025 8:50 PM;Pedro Augusto;;Aprovado;
[REELS] Nardon - Chamada para youtube - Market4u;August 14, 2025 8:51 PM;Raffaella Lima;;Aprovado;Social G4
[REELS] [G4 PODCASTS] CORTES EXTREMOS GUTO GALAMBA;August 15, 2025 11:12 AM;Wilson Silva;20/08/2025;Aprovado;Social G4
[GEMP] [TRILHA DE CONTEÚDO] [EXTRA] RODRIGO MAROJA;August 15, 2025 11:25 AM;Thainá Vilhena;22/09/2025;Aprovado;Educação
COMO CRIAR UMA CULTURA QUE SUSTENTA O CRESCIMENTO COM MARIA CÂNDIDA BAUMER | PAPO DE GESTÃO ;August 15, 2025 11:27 AM;Gui Juhas;22/08/2025;Aprovado;Podcast
Avaliação de Performance e Recompensa;August 15, 2025 11:59 AM;Thainá Vilhena;;Aprovado;Educação
[REELS] [G4 Educação] Cortes Valley;August 15, 2025 12:10 PM;Raffaella Lima;15/08/2025;Aprovado;Social G4
[REELS] [Bruno Nardon] Cortes Valley;August 15, 2025 12:20 PM;Thainá Vilhena;15/08/2025;Aprovado;Social G4
 A TECLA QUE MUDOU O JOGO DO OUTSOURCING NO BRASIL COM RAFAEL FIGUEIREDO | PAPO DE GESTÃO ;August 15, 2025 2:50 PM;Gui Juhas;;Aprovado;Podcast
[GEMP] CONTEÚDO DE NUTRIÇÃO - ANTONIO SANTOS;August 15, 2025 3:12 PM;Thainá Vilhena;29/08/2025;Aprovado;Educação
[CLASS 15] PROJETO BASE - REELS;August 15, 2025 4:33 PM;Wilson Silva;25/08/2025;Aprovado;Comunidades
[ADs] [PP] [G4 SALES] John;August 15, 2025 4:36 PM;Raffaella Lima;;Aprovado;
[VSL] [G4 Valley] Tallis Gomes;August 15, 2025 7:48 PM;Pedro Augusto;;Aprovado;Matricial
[ADs] [PAID] [G4 SALES] Cortes Aftermovie;August 15, 2025 8:12 PM;Gui Juhas;22/08/2025;Aprovado;
[YOUUTBE] [TG] HELISKI CHILE;August 18, 2025 11:23 AM;Joyce Moraes;;Aprovado;Youtube G4
[ADs] [PG] [FNN] Alteração do valor do programa dentro do AD.;August 18, 2025 11:39 AM;Pedro Augusto;21/08/2025;Aprovado;Educação
[ADs] [PG & PP] [Traction, CX, GDP] Paula Pimenta;August 18, 2025 1:26 PM;Erik Gomes;06/10/2025;Aprovado;
[ADs] [PP] [Traction] Gustavo Martins;August 18, 2025 1:37 PM;Gustavo Cairo;28/08/2025;Aprovado;
[ADs] [PG] [Traction] Aftermovie;August 18, 2025 1:43 PM;Gui Juhas;27/08/2025;Aprovado;
Live ECIE Conference - Polônia;August 18, 2025 3:34 PM;;;Aprovado;Matricial
[REELS] [Alfredo Soares] Corte 2 Valley;August 18, 2025 5:16 PM;Gustavo Cairo;26/08/2025;Aprovado;Social G4
[REELS] [Bruno Nardon] Corte 2  Valley;August 18, 2025 5:22 PM;Gustavo Cairo;26/08/2025;Aprovado;Social G4
[REELS] [Tallis Gomes] Corte 2 Valley;August 18, 2025 5:34 PM;Pedro Augusto;26/08/2025;Aprovado;
[REELS] [G4 Educação] Corte 2 Valley;August 18, 2025 6:15 PM;Gui Juhas;26/08/2025;Aprovado;Social G4
[STORIES] [SKILLS] Curso O Papel Do Líder Como Mentor;August 19, 2025 3:49 PM;Thainá Vilhena;;Aprovado;Educação
[YOUTUBE] Nardon - G4 Class;August 19, 2025 4:21 PM;Pedro Augusto;;Aprovado;
[VIDEO ABERTURA] [EVENTO] [RELANÇAMENTO GE];August 19, 2025 4:32 PM;Lucas Liberato;;Aprovado;
[CURSO] D2C - ENTREVISTA;August 20, 2025 10:41 AM;Thainá Vilhena;;Aprovado;Educação
[REELS] [SKILLS] IA Para Negócios;August 20, 2025 11:23 AM;Gui Juhas;;Cancelado;Educação
[SCL] [WebMeeting] 02;August 20, 2025 1:10 PM;Gui Juhas;22/08/2025;Aprovado;Comunidades
[CURSO] Crescimento Sustentável - Manoel Lins;August 20, 2025 4:08 PM;Thainá Vilhena;;Aprovado;Educação
[REELS] [SKILLS] Construindo metas;August 20, 2025 4:47 PM;Gui Juhas;;Cancelado;Educação
[REELS] [SKILLS] Divulgação do Skills Awards;August 20, 2025 4:57 PM;Gustavo Cairo;02/09/2025;Aprovado;Social G4
Mini Curso: Bate a meta, Brasil! - Relançamento G4 Traction com Higor Torchia;August 20, 2025 8:30 PM;Thainá Vilhena;29/08/2025;Aprovado;Educação
Mini Curso: Bate a meta, Brasil! - Relançamento G4 Traction com Jonathan Souza;August 20, 2025 8:34 PM;Thainá Vilhena;08/09/2025;Aprovado;Educação
[REELS] Case aluno - João;August 21, 2025 10:45 AM;Raffaella Lima;26/08/2025;Aprovado;Social G4
[REELS] [Skills] Q&A com o instrutor;August 21, 2025 4:51 PM;Thainá Vilhena;;Aprovado;Educação
[Case] [Journey] Gil Coutinho (DOALL);August 21, 2025 5:28 PM;Raffaella Lima;26/08/2025;Aprovado;Matricial
[ADs] [PG] [GE] Novo Gestão e Estratégia: Apresentação dos Mentores;August 21, 2025 5:58 PM;Lucas Liberato;22/08/2025;Aprovado;
[ADs] [PG] [GE] TG - Trecho Aula GE - Ago/25;August 21, 2025 6:35 PM;Wilson Silva;09/09/2025;Aprovado;
[ADs] [PG] [GE] Edição Depoimentos Freela;August 21, 2025 7:24 PM;Gustavo Cairo;29/08/2025;Aprovado;
[ADs] [SPRINTS] [AR] Edição Material Antigo - Sprints;August 21, 2025 8:31 PM;Erik Gomes;27/08/2025;Aprovado;
[ADs DEPOIMENTO] [CORPORATIVO] [G4 VALLEY] Laurence Tataren e Diogenes Malaquias;August 22, 2025 12:56 PM;Joyce Moraes;26/08/2025;Aprovado;Matricial
[ADs] [SPR] [AR] Ads - Tofu - Faceless - Sprints Aumento de Receita - 22.8;August 22, 2025 4:52 PM;Wilson Silva;;Aprovado;
[ADs] [PP] [ACADEMIA DE IA] Rafael Milagre;August 23, 2025 11:12 PM;Joyce Moraes;02/09/2025;Aprovado;
[Solicitação de material/gravação no Class] [G4Tools/Marketplace] Gravação sobre Inglês <> TG/Class;August 25, 2025 11:02 AM;Gui Juhas;;Cancelado;G4 Tools
Mini Curso: Bate a meta, Brasil! - Relançamento G4 Traction com Misa;August 25, 2025 11:27 AM;Thainá Vilhena;29/08/2025;Aprovado;Educação
[REELS] [SKILLS] Cortes Cacá Parra;August 25, 2025 4:32 PM;Thainá Vilhena;;Cancelado;Educação
[ADs] [PG] [FG4] Zambi;August 25, 2025 7:26 PM;Lucas Liberato;;Aprovado;Educação
[CLASS 15] Video Patrocinador - Agência Webfoco;August 26, 2025 9:35 AM;Wilson Silva;;Aprovado;Comunidades
[ADs] [PG] [FG4] Felipe Hatab;August 26, 2025 11:05 AM;Lucas Liberato;29/08/2025;Aprovado;Educação
[YOUTUBE] [G4] WHATSAPP MÁQUINA DE VENDAS;August 26, 2025 11:12 AM;Raffaella Lima;29/08/2025;Aprovado;Youtube G4
[ADs] [VSL G4 Valley] Tallis Gomes;August 26, 2025 12:57 PM;Erik Gomes;12/09/2025;Aprovado;Matricial
[ADs] [PP] [CX] Dennis Wang;August 26, 2025 1:13 PM;Lucas Liberato;16/09/2025;Aprovado;
[REELS] [G4 Skills] Arquitetura de Receita;August 26, 2025 4:13 PM;;;Cancelado;Educação
[ADs] [SPR Cultura] Maria Cândida - Corte Podcast;August 26, 2025 5:07 PM;Gui Juhas;08/09/2025;Aprovado;
[KV] [RELANÇAMENTO] [G4 TRACTION];August 27, 2025 12:58 PM;Gustavo Cairo;;Aprovado;
Animação KV Sprints;August 27, 2025 1:49 PM;Wilson Silva;10/09/2025;Aprovado;
[YOUTUBE] [TG] PREMIAÇÃO RJ;August 27, 2025 3:46 PM;Gui Juhas;;Aprovado;
[KV] [RELANÇAMENTO] [BATE A META];August 27, 2025 3:48 PM;Pedro Augusto;;Aprovado;
[YOUTUBE] [G4 Educação] CBF: Império Bilionário;August 27, 2025 4:35 PM;Gustavo Cairo;16/09/2025;Aprovado;Youtube G4
[YOUTUBE] [G4 Educação] Caso Felca: Vale a pena ser influencer no Brasil?;August 27, 2025 4:37 PM;Raffaella Lima;;Aprovado;Youtube G4
[Depoimento][ G4 Traction] Alexandre Hemza;August 27, 2025 6:31 PM;Joyce Moraes;;Aprovado;
[DEPOIMENTO] [G4 TRACTION] Raphael Gama;August 27, 2025 6:34 PM;Erik Gomes;27/10/2025;Cancelado;
[Depoimento] [G4 Traction] Pedro;August 27, 2025 6:35 PM;Joyce Moraes;;Aprovado;
[REELS] [G4 Educação] Corte 3 G4 Valley;August 28, 2025 9:11 AM;Wilson Silva;;Aprovado;Social G4
 PAULO VIEIRA: A ASCENSÃO - E AS POLÊMICAS - DO MAIOR COACH DO BRASIL | EXTREMOS ;August 28, 2025 3:09 PM;Joyce Moraes;;Aprovado;Podcast
[REELS] [Bruno Nardon] Corte 3 G4 Valley;August 29, 2025 10:50 AM;Gui Juhas;29/08/2025;Aprovado;Social G4
[REELS] [Alfredo Soares] Corte 3 G4 Valley;August 29, 2025 10:53 AM;Lucas Liberato;29/08/2025;Aprovado;Social G4
[YOUTUBE] Nardon - Giuliana Flores;August 29, 2025 10:55 AM;Pedro Augusto;;Aprovado;
[REELS] [Tallis Gomes] Corte 3 G4 Valley;August 29, 2025 10:56 AM;Pedro Augusto;29/08/2025;Aprovado;
[REELS] Nardon - Giuliana Flores;August 29, 2025 10:59 AM;Erik Gomes;;Aprovado;Social G4
[REELS] [G4 Educação] Convidados G4 Valley - Guilherme Benchimol;August 29, 2025 2:03 PM;Pedro Augusto;03/09/2025;Aprovado;Social G4
[REELS] [G4 EDUCAÇÃO] Convidado G4 Valley - Fábio Coelho;August 29, 2025 2:06 PM;Pedro Augusto;02/09/2025;Aprovado;Social G4
[REELS] [G4 Educação] Convidado G4 Valley - Caio Amato;August 29, 2025 2:17 PM;Joyce Moraes;11/09/2025;Aprovado;Social G4
[REELS] [G4 Educação] Convidado G4 Valley - Luiz Cezar - BTG;August 29, 2025 2:20 PM;Gustavo Cairo;02/09/2025;Aprovado;Social G4
[DEPOIMENTO] [JOURNEY] Jessica Vaz Jesus;August 29, 2025 7:58 PM;;29/08/2025;Aprovado;
[REELS] [G4 Educação] Cris Junqueira Valley;September 1, 2025 1:36 PM;Gui Juhas;02/09/2025;Aprovado;Social G4
[Produtos] [Scale] Mentoria 07;September 1, 2025 4:10 PM;Gui Juhas;;Aprovado;Comunidades
[REELS] [G4 EDUCAÇÃO] Prova Social - Pedro Santana;September 2, 2025 9:05 AM;Wilson Silva;02/09/2025;Aprovado;Social G4
[REELS] [G4 Educação] Prova Social Allan Barros;September 2, 2025 9:42 AM;Wilson Silva;02/09/2025;Aprovado;Social G4
Edição de vídeos pro KV Bate a Meta, Brasil! 2025;September 2, 2025 12:53 PM;Thainá Vilhena;19/09/2025;Aprovado;
[REELS] [G4 Educação] Corte 4 G4 Valley;September 2, 2025 2:29 PM;Wilson Silva;02/09/2025;Aprovado;Social G4
[VSL] [MATRICIAL] [G4 Valley 2025] Alfredo Soares;September 2, 2025 5:10 PM;Lucas Liberato;;Aprovado;Matricial
[REELS] [G4 Sprints] Corte Podcast - Nardon e Maria Candida;September 2, 2025 5:50 PM;Wilson Silva;03/09/2025;Aprovado;Social G4
[ABERTURA] [G4 TRACTION] Relançamento;September 2, 2025 7:19 PM;Erik Gomes;;Aprovado;
[REELS] [Tallis Gomes] Corte 4 G4 Valley;September 3, 2025 11:45 AM;Pedro Augusto;08/09/2025;Aprovado;
[REELS] [Alfredo Soares] Corte 4 G4 Valley;September 3, 2025 11:51 AM;Joyce Moraes;09/09/2025;Aprovado;Social G4
[REELS] [Nardon] Corte 4 G4 Valley;September 3, 2025 11:52 AM;Pedro Augusto;08/09/2025;Aprovado;Social G4
[REELS] [G4 Sprints] Corte Podcast Maria Candida & Nardon;September 3, 2025 11:54 AM;Gui Juhas;;Cancelado;Social G4
[Programas Profissionais] [G4 Formação em IA] Aula 9 T01;September 3, 2025 1:02 PM;Thainá Vilhena;;Aprovado;
[REELS] [G4 EDUCAÇÃO] Convidado G4 Valley - João Adibe;September 3, 2025 1:37 PM;Joyce Moraes;08/09/2025;Aprovado;Social G4
EDIÇÃO VIDEO TRILHA PA 04;September 3, 2025 4:40 PM;Gui Juhas;;Aprovado;Comunidades
[REELS] [G4 Educação] O que é o G4 Valley;September 3, 2025 5:53 PM;Wilson Silva;17/09/2025;Aprovado;Social G4
[CURSO] Como se preparar para a reforma tributária;September 4, 2025 12:05 PM;Thainá Vilhena;19/02/2026;Aprovado;Educação
[ADs] [PG] [Traction] Diversos Novo Traction;September 4, 2025 2:11 PM;Joyce Moraes;15/09/2025;Aprovado;
[ADs] [PG] [Traction] Allan Barros e Theo Orosco;September 4, 2025 2:15 PM;Raffaella Lima;18/09/2025;Aprovado;
[ADs] [PG & PP] [Traction e Sales] Theo Orosco;September 4, 2025 2:16 PM;Gustavo Cairo;;Cancelado;
[YOUTUBE] [G4 Educação] PCC: O crime que comprou a Faria Lima;September 4, 2025 2:49 PM;Erik Gomes;26/09/2025;Aprovado;Youtube G4
[MANIFESTO] [G4 TRACTION] Bate a Meta Brasil;September 4, 2025 6:12 PM;Wilson Silva;22/09/2025;Aprovado;
[ADs] [PG] [FG4] MISA;September 5, 2025 8:56 AM;Gui Juhas;;Aprovado;Educação
[ADs] [PG] [Traction] Ads Faceless - BMB25;September 5, 2025 11:19 AM;Erik Gomes;11/09/2025;Aprovado;
Trilha de Produto para comercial | Novo GE - Yngrid Veltroni;September 5, 2025 3:11 PM;Thainá Vilhena;;Aprovado;Educação
[ADs] [PG] [Traction] BMB25 - Ads Misa - 5.9;September 5, 2025 4:01 PM;Gui Juhas;;Aprovado;
[REELS] [G4 EDUCAÇÃO] Bate a Meta Brasil;September 5, 2025 6:05 PM;Gui Juhas;09/09/2025;Aprovado;Social G4
Skills | Semana do Cliente Online;September 8, 2025 2:18 PM;Gui Juhas;;Aprovado;Educação
[MANIFESTO] [PG] BATE A META Brasil - John;September 8, 2025 3:56 PM;Raffaella Lima;17/09/2025;Aprovado;
[Edição de Aftermovie] [PP] Criar aftermovie consolidado dos programas profissionais;September 8, 2025 4:23 PM;Raffaella Lima;19/09/2025;Aprovado;
[Skills] [AI na prática] Aula 7 - T01;September 8, 2025 5:49 PM;Thainá Vilhena;;Aprovado;Educação
[ADS][VSL - G4 Valley] Alfredo Soares;September 9, 2025 10:02 AM;Pedro Augusto;10/09/2025;Aprovado;Matricial
[ADs][G4 VALLEY] ALFREDO;September 9, 2025 10:32 AM;Wilson Silva;18/09/2025;Aprovado;Matricial
[ADs] [PG] [FG4] Criativos 6s;September 9, 2025 10:39 AM;Gustavo Cairo;19/09/2025;Aprovado;Educação
 COMO TRANSFORMAR CREDIBILIDADE EM NEGÓCIOS COM PHELIPE SIANI | EXTREMOS ;September 9, 2025 1:14 PM;Gui Juhas;;Aprovado;Podcast
[ADs] [SPR] [SPR-P.E] Napole - Cardoso - 17.09;September 9, 2025 2:32 PM;;;Cancelado;
[DEPOIMENTO] [JOURNEY] Jessica Vaz Jesus - Turma 03;September 9, 2025 2:40 PM;Erik Gomes;;Aprovado;Educação
[ADs] [SPR] [SPR-A.R] Yago Martins - Cardoso - 25.09;September 9, 2025 2:42 PM;;;Cancelado;
[ADs] [SPR] [SPR-A.R] Felipe Hatab - Cardoso - 23.09;September 9, 2025 2:49 PM;;;Cancelado;
[VSL] [FORMAÇÃO G4] EDIÇÃO;September 9, 2025 3:02 PM;Joyce Moraes;06/10/2025;Aprovado;Educação
[YOUTUBE] [G4 Educação] Lacoste;September 9, 2025 3:08 PM;Raffaella Lima;;Aprovado;Youtube G4
[DEPOIMENTO] [JOURNEY] Yuri Reis - Turma 03;September 9, 2025 3:13 PM;Erik Gomes;;Aprovado;Educação
[ADs] [PG] [BATE A META BR] Edição Vídeo Social - 9.9;September 9, 2025 4:54 PM;Gui Juhas;09/09/2025;Aprovado;
 O ROI DA CONTRATAÇÃO: PORQUE GENTE É A DECISÃO MAIS ESTRATÉGICA DA EMPRESA COM GUSTAVO ARANTES | PAPO DE GESTÃO ;September 10, 2025 10:05 AM;Gui Juhas;29/09/2025;Aprovado;Podcast
[REELS] [Misa Antonini] Margaret Thatcher - Corte de Podcast fake;September 10, 2025 2:23 PM;Pedro Augusto;11/09/2025;Aprovado;Social G4
[REELS] [Misa Antonini] Liderança Firme - Corte de podcast fake;September 10, 2025 2:36 PM;Wilson Silva;;Aprovado;Social G4
[REELS] [Misa Antonini] O perigo da falta de cultura ;September 10, 2025 2:50 PM;Pedro Augusto;15/09/2025;Aprovado;Social G4
[REELS] [Misa Antonini] Virtudes do líder em tempos de crise;September 10, 2025 2:54 PM;Pedro Augusto;16/09/2025;Aprovado;Social G4
[REELS] [Misa Antonini] A palavra move, o exemplo arrasta. ;September 10, 2025 2:56 PM;Wilson Silva;17/09/2025;Aprovado;Social G4
[REELS] [TG] CORTES ENTREVISTA BRASIL PARALELO;September 10, 2025 3:17 PM;Pedro Augusto;;Cancelado;Social G4
[CURSO] Cenários Macroeconômicos - Rodolpho Tobler;September 10, 2025 3:37 PM;Thainá Vilhena;25/11/2025;Aprovado;Educação
[Programas Profissionais] [G4 Formação em IA] Mentoria 1 T01;September 10, 2025 4:15 PM;Thainá Vilhena;;Aprovado;
[MENTORIA] [G4 Formação em IA] Mentoria 2 T01;September 10, 2025 4:44 PM;Gui Juhas;30/09/2025;Aprovado;Educação
[Programas Profissionais] [G4 Formação em IA] Mentoria 3 T01;September 10, 2025 4:48 PM;Gui Juhas;;Aprovado;Educação
GROWTH NAS REDES SOCIAIS FUNCIONA MESMO? COM FERNANDO MIRANDA | PAPO DE GESTÃO;September 10, 2025 5:40 PM;Gui Juhas;19/09/2025;Aprovado;Podcast
[REELS] [G4 Educação] [G4 VALLEY] ALEXANDRE BETTAMIO;September 10, 2025 6:51 PM;Wilson Silva;;Cancelado;Social G4
Contratação estratégica como alavanca de crescimento - Rhello;September 11, 2025 1:10 PM;;;Cancelado;Educação
[REELS] [G4 Educação] Corte 5 G4 Valley;September 11, 2025 1:51 PM;Wilson Silva;17/09/2025;Aprovado;Social G4
[REELS] [TG] Corte 5 G4 Valley;September 11, 2025 1:55 PM;Erik Gomes;29/09/2025;Aprovado;Social G4
[REELS] [Alfredo Soares] Corte 5 G4 Valley;September 11, 2025 2:01 PM;Thainá Vilhena;16/09/2025;Aprovado;Social G4
[REELS] [Bruno Nardon] Corte 5 G4 Valley;September 11, 2025 2:04 PM;Raffaella Lima;16/09/2025;Aprovado;Social G4
CARROS DE LUXO : O MODELO DE NEGÓCIO DA BILLIONAIRES MIAMI | EXTREMOS;September 11, 2025 2:52 PM;Raffaella Lima;;Aprovado;Podcast
[CURSO] TRILHA PA - ILANA BERENHOLC;September 11, 2025 3:36 PM;Gui Juhas;;Cancelado;Comunidades
[JOURNEY] [T03/T04/T05/T06/T07] [Aula 13 - Mapeamento Operacional] [Manoel Lins] [15/09/2025];September 14, 2025 6:22 PM;Gui Juhas;;Aprovado;Educação
[JOURNEY] [T03/T04/T05/T06/T07] [Aula 14 – Indicadores de Desempenho] [Rodrigo Maroja] [16/09/2025];September 14, 2025 6:35 PM;Gui Juhas;;Aprovado;Educação
[JOURNEY] [T03/T04/T05/T06/T07] [Aula 15 – Implementação de Processos] [Leandro Fariello] [17/09/2025];September 14, 2025 6:40 PM;Gui Juhas;;Aprovado;Educação
[ADs] [PG] [FG4] Reedição MISA;September 15, 2025 11:31 AM;Gui Juhas;;Cancelado;Educação
[ADs] [FG4] IA Faceless;September 15, 2025 12:03 PM;Erik Gomes;26/09/2025;Aprovado;Educação
[JOURNEY] [T03/T04/T05/T06/T07] [Aula 16 – Conectando Pessoas, Processos e Resultados] [David Ledson] [18/09/2025];September 15, 2025 1:17 PM;Gui Juhas;19/09/2025;Aprovado;Educação
[JOURNEY] [Aula 17] Melhoria Contínua - Leonardo Dirickson;September 15, 2025 1:22 PM;Gui Juhas;;Aprovado;Educação
[JOURNEY] [Aula 18] Tomada de Decisão com IA - Victor Meireles-;September 15, 2025 1:25 PM;Gui Juhas;22/09/2025;Aprovado;Educação
[ADs] [PG] [FG4] Edição Social para Ads;September 15, 2025 2:02 PM;Gustavo Cairo;22/09/2025;Aprovado;Educação
[SCL] [Webmeeting] 03;September 15, 2025 6:18 PM;Thainá Vilhena;;Aprovado;Comunidades
[VSL] [G4 Valley] MOTION;September 16, 2025 10:58 AM;Pedro Augusto;;Cancelado;Matricial
[VINHETA PODCAST] [G4 PODCAST];September 16, 2025 3:12 PM;Wilson Silva;17/09/2025;Aprovado;Podcast
[REELS] [G4 Educação] [G4 VALLEY] Natalia Beauty;September 16, 2025 6:14 PM;Gustavo Cairo;;Aprovado;Social G4
[CASE] [SCALE] Eduardo Vital;September 16, 2025 6:43 PM;Thainá Vilhena;06/10/2025;Aprovado;Comunidades
[CASE] [SCALE] Andre Pontual;September 16, 2025 6:45 PM;Thainá Vilhena;23/09/2025;Aprovado;Comunidades
[CASE] [SCALE] Marcelo Venturoso;September 16, 2025 6:46 PM;Thainá Vilhena;;Aprovado;Comunidades
[CASE] [SCALE] Matheus Aranha;September 16, 2025 6:47 PM;Thainá Vilhena;23/09/2025;Aprovado;Comunidades
[CASE] [SCALE] Sergio Fontana & Murilo;September 16, 2025 6:50 PM;Thainá Vilhena;;Aprovado;Comunidades
[ADs] [PG] [FG4] Criativos VSL;September 17, 2025 11:24 AM;Joyce Moraes;17/10/2025;Aprovado;Educação
[REELS] [G4 Educação] [G4 VALLEY] Dener Lippert;September 17, 2025 3:14 PM;Wilson Silva;22/09/2025;Aprovado;Social G4
[REELS] [NARDON] NIKE;September 17, 2025 3:33 PM;Erik Gomes;;Aprovado;Social G4
IMPRESSÃO 3D E TECNOLOGIA NA CONSTRUÇÃO CÍVIL COM  SANTO CONCRETO | PAPO DE GESTÃO;September 17, 2025 4:30 PM;Gui Juhas;;Aprovado;Podcast
[Edição Gravação da Trilha EJ] ;September 17, 2025 5:03 PM;Gui Juhas;;Aprovado;Comunidades
  BRUNO DE OLIVEIRA CONTA COMO LEVOU O “E-COMMERCE NA PRÁTICA” ATÉ UM M&A BILIONÁRIO | EXTREMOS;September 18, 2025 10:56 AM;Raffaella Lima;;Aprovado;Podcast
[REELS] [G4 Educação] Corte 6 G4 Valley;September 18, 2025 2:25 PM;Wilson Silva;19/09/2025;Aprovado;Social G4
[ADs] [G4 VALLEY] DEPOIMENTO - LUCAS MARTINS;September 18, 2025 2:42 PM;Gustavo Cairo;23/09/2025;Aprovado;Matricial
[ADs] [G4 VALLEY] DEPOIMENTO - CÍCERO DURSKI;September 18, 2025 2:52 PM;Lucas Liberato;;Cancelado;Matricial
[ADs] [G4 VALLEY] DEPOIMENTO - CAROL PENGO;September 18, 2025 2:59 PM;Lucas Liberato;;Aprovado;Matricial
[ADs] [G4 VALLEY] DEPOIMENTO - FABIO MORAES;September 18, 2025 3:02 PM;Lucas Liberato;;Aprovado;Matricial
[ADs] [G4 VALLEY] DEPOIMENTO - ALEXANDRE FAUSTINO;September 18, 2025 3:05 PM;Gustavo Cairo;23/09/2025;Aprovado;Matricial
[ADs] [G4 VALLEY] DEPOIMENTOS - COMPILADO;September 18, 2025 3:08 PM;Gustavo Cairo;29/09/2025;Aprovado;Matricial
[VSL] [G4 Valley] Tallis Gomes;September 18, 2025 4:39 PM;Pedro Augusto;26/09/2025;Aprovado;Matricial
[ADs]  [G4 VALLEY] Tallis Gomes;September 18, 2025 4:46 PM;Gustavo Cairo;30/09/2025;Aprovado;Matricial
[REELS] [Misa Antonini] Ordem e caos;September 18, 2025 7:01 PM;Wilson Silva;19/09/2025;Aprovado;Social G4
[REELS] [Misa Antonini] Ordem e caos 2;September 18, 2025 7:06 PM;Wilson Silva;;Cancelado;
[REELS] [Misa Antonini] - Yin e Yang;September 18, 2025 7:26 PM;Wilson Silva;19/09/2025;Aprovado;Social G4
[AFTERMOVIE] Progamas Profissionais Consolidado V2;September 19, 2025 9:21 AM;Raffaella Lima;29/09/2025;Aprovado;
[ADs] [MKT ESTRATÉGICO] V4 - Dener;September 19, 2025 3:40 PM;Lucas Liberato;29/09/2025;Aprovado;Matricial
[YOUTUBE] [NARDON] Ironman 70.3 SP;September 20, 2025 9:17 AM;Pedro Augusto;;Aprovado;
[REELS] [NARDON] Ironman 70.3 SP;September 20, 2025 9:21 AM;Thainá Vilhena;29/09/2025;Aprovado;Social G4
[GRAVAÇÃO DA AULA] [CLUB] VIRANDO O JOGO;September 22, 2025 3:20 PM;Gui Juhas;29/09/2025;Aprovado;Comunidades
[REELS] [Bruno Nardon] Corte 6 G4 Valley;September 22, 2025 3:55 PM;Gustavo Cairo;24/09/2025;Aprovado;Social G4
[REELS] [Alfredo Soares] Corte 6 G4 Valley;September 22, 2025 3:59 PM;Gustavo Cairo;24/09/2025;Aprovado;Social G4
[REELS] [Tallis Gomes] Corte 6 G4 Valley;September 22, 2025 4:01 PM;Pedro Augusto;24/09/2025;Aprovado;
[REELS] [G4 Educação] Corte 7 G4 Valley;September 22, 2025 4:06 PM;Gustavo Cairo;24/09/2025;Aprovado;Social G4
Podcast Renato Albani;September 22, 2025 5:07 PM;Raffaella Lima;;Aprovado;Podcast
[ADs]  [Valley 2025] MISA;September 22, 2025 6:02 PM;Joyce Moraes;30/09/2025;Aprovado;Matricial
[Scale] [Mentoria Online] 09;September 24, 2025 12:11 PM;Gui Juhas;29/09/2025;Aprovado;Comunidades
[SKILLS] [CLUBE DO LIVRO] Transmissão;September 24, 2025 6:28 PM;Gui Juhas;03/11/2025;Aprovado;Educação
[GRAVAÇÃO] [SCALE] PITCH DE VENDAS SCALE;September 25, 2025 11:25 AM;Gui Juhas;16/10/2025;Aprovado;Comunidades
[Aula - Relancamento traction;September 25, 2025 4:16 PM;;;Cancelado;
[GRAVAÇÃO] [SCALE] TREINAMENTO COMERCIAL;September 25, 2025 4:42 PM;Gui Juhas;17/10/2025;Aprovado;Comunidades
[ADs] [G4 Valley 2025] Tallis Gomes;September 25, 2025 5:54 PM;Gustavo Cairo;;Aprovado;Matricial
Editar vídeo - Relançamento Traction;September 25, 2025 6:28 PM;Gui Juhas;;Aprovado;
[VIDEO] [FESTA BILHÃO];September 26, 2025 9:33 AM;Lucas Liberato;;Aprovado;Matricial
[REELS] [G4 Educação] Corte 8 G4 Valley;September 26, 2025 10:36 AM;Pedro Augusto;26/09/2025;Aprovado;Social G4
Gravação Pitch Deck - Traction;September 26, 2025 1:45 PM;Wilson Silva;15/10/2025;Aprovado;
[ADs] [SPR] [SPRINTS AR] Ads Yago Martins;September 26, 2025 1:54 PM;Erik Gomes;30/09/2025;Aprovado;
[ADs] [PP] [GDP] Henri Zylberstajn;September 26, 2025 5:31 PM;Erik Gomes;30/09/2025;Aprovado;
[VÍDEO ABERTURA] Relançamento Scale;September 27, 2025 11:40 AM;Gustavo Cairo;;Aprovado;Comunidades
[YOUTUBE] [G4 Educação] Tendências Marketing 2025 - 2026;September 29, 2025 11:43 AM;Raffaella Lima;;Aprovado;Youtube G4
[YOUTUBE] [Nardon - Le Etap;September 29, 2025 12:49 PM;Pedro Augusto;06/10/2025;Aprovado;
[GE] [Programas de Gestão] Cortes para subir no skills.;September 29, 2025 2:17 PM;Gui Juhas;;Aprovado;
[ASSETS] [VALLEY] VIDEO ABERTURA - DIA 01;September 29, 2025 2:52 PM;Wilson Silva;;Aprovado;Matricial
[REELS] [Alfredo Soares] Corte 8 G4 Valley;September 29, 2025 5:07 PM;Gui Juhas;01/10/2025;Aprovado;Social G4
[REELS] [Tallis Gomes] Corte 8 G4 Valley;September 29, 2025 5:16 PM;Pedro Augusto;30/09/2025;Aprovado;
[REELS] [Bruno Nardon] Corte 8 G4 Valley;September 29, 2025 5:24 PM;Gustavo Cairo;30/09/2025;Aprovado;Social G4
[REELS] [G4 Educação] Corte 9 G4 Valley;September 29, 2025 5:35 PM;Gustavo Cairo;30/09/2025;Aprovado;Social G4
[ADs] [CORPORATIVO] [G4 VALLEY] NARDON;September 30, 2025 9:09 AM;Gustavo Cairo;;Aprovado;Matricial
[YOUTUBE] [Nardon - H2 Bet;September 30, 2025 11:47 AM;Pedro Augusto;;Aprovado;
[REELS] [Nardon - L'étape;September 30, 2025 12:35 PM;Pedro Augusto;06/10/2025;Aprovado;Social G4
[REELS] [Nardon - H2 Bet;September 30, 2025 12:37 PM;Raffaella Lima;;Aprovado;Social G4
[YOUTUBE] [Nardon - Festa do Bilhão;September 30, 2025 12:39 PM;Pedro Augusto;;Aprovado;
[REELS] [Nardon - Festa do Bilhão;September 30, 2025 12:43 PM;Lucas Liberato;;Aprovado;Social G4
[ADs] [CORPORATIVO] [G4 VALLEY & VSL] ALFREDO;September 30, 2025 5:49 PM;Lucas Liberato;03/10/2025;Aprovado;Matricial
[REELS] [G4 Educação] Corte 10 G4 Valley;October 1, 2025 2:54 PM;Gustavo Cairo;03/10/2025;Aprovado;Social G4
[REELS] [Alfredo Soares] Corte 9 G4 Valley;October 1, 2025 2:56 PM;Gustavo Cairo;03/10/2025;Aprovado;Social G4
[REELS] [Tallis Gomes] Corte 9 G4 Valley;October 1, 2025 2:58 PM;Pedro Augusto;;Aprovado;
[REELS] [Bruno Nardon] Corte 9 G4 Valley;October 1, 2025 3:01 PM;Erik Gomes;;Aprovado;Social G4
[PODCAST] [INSERÇÃO CTA VALLEY];October 2, 2025 2:17 PM;Gui Juhas;;Aprovado;Podcast
[AFTERMOVIE] FESTA DO BILHÃO;October 2, 2025 3:34 PM;Wilson Silva;10/10/2025;Aprovado;Matricial
[ADs] [CORPORATIVO] [G4 VALLEY - VIRADA DE LOTE] ALFREDO;October 2, 2025 5:29 PM;Erik Gomes;;Aprovado;Matricial
Edição trilha PL;October 3, 2025 10:20 AM;Gui Juhas;;Aprovado;Comunidades
[REELS] [G4 Educação] Corte 11 G4 Valley - Cesar Cielo;October 3, 2025 2:53 PM;Erik Gomes;07/10/2025;Aprovado;Social G4
[REELS] [Tallis Gomes] Corte 10 G4 Valley;October 3, 2025 3:09 PM;Pedro Augusto;07/10/2025;Aprovado;
[REELS] [Alfredo Soares] Corte 10 G4 Valley;October 3, 2025 3:12 PM;Gustavo Cairo;07/10/2025;Aprovado;Social G4
[REELS] [Bruno Nardon] Corte 10 G4 Valley;October 3, 2025 3:15 PM;Wilson Silva;07/10/2025;Aprovado;Social G4
[REELS] [NARDON] ROTEIRO 02;October 3, 2025 5:26 PM;Lucas Liberato;;Aprovado;Social G4
[REELS] [NARDON] ROTEIRO 01;October 3, 2025 5:26 PM;Gustavo Cairo;;Aprovado;Social G4
[REELS] [NARDON] ROTEIRO 05;October 3, 2025 5:27 PM;Gustavo Cairo;;Aprovado;Social G4
[REELS] [NARDON] ROTEIRO 06;October 3, 2025 5:27 PM;Gustavo Cairo;;Aprovado;Social G4
[REELS] [NARDON] ROTEIRO 07;October 3, 2025 5:27 PM;Thainá Vilhena;;Aprovado;Social G4
[REELS] [NARDON] ROTEIRO 08;October 3, 2025 5:27 PM;Erik Gomes;;Aprovado;Social G4
[REELS] [NARDON] ROTEIRO 03;October 3, 2025 5:27 PM;Raffaella Lima;;Aprovado;Social G4
[REELS] [NARDON] ROTEIRO 04;October 3, 2025 5:27 PM;Thainá Vilhena;;Aprovado;Social G4
[ADs] [FG4] IA Faceless - Reedição;October 3, 2025 5:29 PM;Erik Gomes;;Aprovado;Educação
[ADs] [ONLINE] [FG4+SKILLS] Alfredo;October 3, 2025 5:44 PM;Raffaella Lima;;Aprovado;Educação
[AFTERMOVIE] [PATROCINADORES] FESTA DO BILHÃO;October 3, 2025 6:13 PM;Joyce Moraes;;Aprovado;Matricial
[VSL] [FG4] 3 Novos Hooks;October 6, 2025 1:03 PM;Joyce Moraes;09/10/2025;Aprovado;Educação
[ADs] [BU] [G4 VALLEY - REUNIÃO SECRETA] ALFREDO;October 6, 2025 3:35 PM;Lucas Liberato;;Aprovado;Matricial
[ADs] [BU] [G4 VALLEY]ALFREDO;October 6, 2025 3:52 PM;Pedro Augusto;09/10/2025;Aprovado;Matricial
[VSL] [MATRICIAL] [G4 SKILLS] Alfredo Soares;October 7, 2025 2:24 PM;Pedro Augusto;28/10/2025;Aprovado;Educação
[Programas Profissionais] [G4 Formação em IA] Aula 1 T02;October 7, 2025 6:11 PM;Thainá Vilhena;;Aprovado;Educação
[Programas Profissionais] [G4 Formação em IA] Aula 2 T02;October 7, 2025 6:19 PM;Thainá Vilhena;;Aprovado;Educação
[Programas Profissionais] [G4 Formação em IA] Aula 3 T02;October 7, 2025 6:28 PM;Thainá Vilhena;;Aprovado;Educação
[Programas Profissionais] [G4 Formação em IA] Aula 4 T02;October 7, 2025 6:30 PM;Thainá Vilhena;;Aprovado;Educação
[Programas Profissionais] [G4 Formação em IA] Aula 5 T02;October 7, 2025 6:36 PM;Joyce Moraes;;Aprovado;Educação
[Programas Profissionais] [G4 Formação em IA] Aula 6 T02;October 7, 2025 6:39 PM;Thainá Vilhena;12/12/2025;Aprovado;Educação
[Programas Profissionais] [G4 Formação em IA] Aula extra T02;October 7, 2025 6:43 PM;Erik Gomes;;Aprovado;Educação
[TRANSMISSÃO] [G4 Formação em IA] T02 - Aula 7;October 7, 2025 6:45 PM;Thainá Vilhena;;Aprovado;Educação
[Club - Trilha CE 05;October 7, 2025 6:51 PM;Gui Juhas;14/10/2025;Aprovado;Comunidades
[ADs] [PG] [Traction] Ads Wide Youtube;October 7, 2025 6:58 PM;Raffaella Lima;22/10/2025;Aprovado;
[ADs] [CORPORATIVO] [G4 VALLEY] ALFREDO SOARES;October 8, 2025 8:58 AM;Gustavo Cairo;09/10/2025;Aprovado;Matricial
[TRANSMISSÃO] [G4 Formação em IA] [T02] Mentoria 3;October 8, 2025 10:24 AM;Gui Juhas;13/02/2026;Aprovado;Educação
[TRANSMISSÃO] [G4 Formação em IA] T02 - Mentoria 1;October 8, 2025 10:27 AM;Gui Juhas;;Aprovado;Educação
[TRANSMISSÃO] [G4 Formação em IA] T02 - Mentoria 2;October 8, 2025 10:43 AM;Thainá Vilhena;06/02/2026;Aprovado;Educação
[ADs] [SPR] Re-editar Ads Yago Martins;October 8, 2025 11:02 AM;Erik Gomes;;Aprovado;Matricial
[Vídeo p/ WhatsApp] [Programas de Gestão] Boas Vindas | Onboarding do Aluno ;October 8, 2025 1:54 PM;;;Cancelado;Matricial
[Treinamento Comercial] [Programas de Gestão] Jornada do Aluno ;October 8, 2025 2:08 PM;Thainá Vilhena;03/12/2025;Aprovado;Matricial
[REELS] [Tallis Gomes] Corte 11 G4 Valley;October 8, 2025 6:16 PM;Pedro Augusto;10/10/2025;Aprovado;
[REELS] [Alfredo Soares] Corte 11 G4 Valley;October 8, 2025 6:29 PM;Thainá Vilhena;09/10/2025;Aprovado;Social G4
[REELS] [Bruno Nardon] Corte 11 G4 Valley;October 8, 2025 6:32 PM;Gustavo Cairo;09/10/2025;Aprovado;Social G4
[REELS] Misa - Valley;October 8, 2025 6:36 PM;Erik Gomes;;Aprovado;Social G4
[REELS] [G4 Educação] Corte 12 G4 Valley;October 8, 2025 6:50 PM;Erik Gomes;09/10/2025;Aprovado;Social G4
[ADs] [PG] [FG4] IA Faceless;October 9, 2025 10:28 AM;Erik Gomes;20/10/2025;Aprovado;Educação
[AFTERMOVIE] Open Company iFood;October 9, 2025 2:32 PM;Wilson Silva;24/10/2025;Aprovado;Comunidades
[ADs] [CORPORATIVO] [FORMAÇÃO EM IA DO G4] JOAO VITOR;October 9, 2025 4:44 PM;Gui Juhas;09/10/2025;Aprovado;Educação
[ADs] [BU] [Valley 2025] Tallis Gomes;October 9, 2025 5:44 PM;Joyce Moraes;;Aprovado;Educação
[ADs] [ONLINE] [SKILLS] Gravação - Alfredo;October 9, 2025 5:45 PM;Wilson Silva;15/10/2025;Aprovado;Educação
[ADs] [BU] [VSL G4 Valley] Tallis Gomes;October 9, 2025 6:23 PM;Joyce Moraes;;Aprovado;Educação
[ADs] [BU] [G4 Formação em IA] Tallis Gomes;October 9, 2025 6:49 PM;Joyce Moraes;;Aprovado;Educação
[REELS] [TALLIS] MANIFESTO GALT;October 9, 2025 7:32 PM;Pedro Augusto;15/10/2025;Aprovado;
[ADs] [CORPORATIVO] [G4 VALLEY] MISA;October 10, 2025 10:37 AM;Gui Juhas;13/10/2025;Aprovado;Matricial
[VALLEY] [Vídeoselfie nominal] Recuperação de carrinho - MISA;October 10, 2025 10:37 AM;Gui Juhas;;Aprovado;Matricial
[REELS] [G4 Educação] Corte 12 G4 Valley;October 10, 2025 11:18 AM;Gustavo Cairo;;Aprovado;Social G4
[ADs] [Marketing] Programas Presenciais - Ator Cris - Gravação  7.7;October 10, 2025 1:26 PM;Mayara Alvares;;Blocked;
[YOUTUBE] [G4 Educação] A origem dos Shoppings Centers;October 10, 2025 3:07 PM;Joyce Moraes;;Aprovado;Youtube G4
[ADs] [BU] [G4 Valley] Tallis Gomes;October 10, 2025 4:29 PM;;;Aprovado;Matricial
[Traction] IA para negóciso - Trilha de nivelamento com João Vitor;October 10, 2025 5:32 PM;Thainá Vilhena;;Cancelado;
[ADs] [CORPORATIVO] [G4 FORMAÇÃO EM IA] TALLIS;October 13, 2025 10:08 AM;Lucas Liberato;13/10/2025;Aprovado;Matricial
[Club] - Aula do Eslen Delanogare - trilha de competência emocionais;October 13, 2025 11:26 AM;Gui Juhas;;Aprovado;Comunidades
[CURSO] [IA para Excel] Rodrigo Fernandes;October 13, 2025 11:33 AM;Thainá Vilhena;;Aprovado;Educação
[Edição de Case] Skills Conference_Construsato;October 13, 2025 1:25 PM;Erik Gomes;27/10/2025;Aprovado;Educação
[Edição de Case] Skills Conference_Grupo FBN;October 13, 2025 1:29 PM;Erik Gomes;27/10/2025;Aprovado;Educação
[Edição de Case] Skills Conference_Óticas Vizary;October 13, 2025 1:50 PM;Erik Gomes;27/10/2025;Aprovado;Educação
[Edição de Case] Skills Conference_Via Contax 1;October 13, 2025 1:54 PM;Erik Gomes;27/10/2025;Aprovado;Educação
[Edição de Case] Skills Conference_Via Contax 2;October 13, 2025 1:59 PM;Erik Gomes;27/10/2025;Aprovado;Educação
[Edição de Case] Skills Conference_Viman Sistemas;October 13, 2025 2:09 PM;Erik Gomes;27/10/2025;Aprovado;Educação
Reforma Tributária na Prática para Empresários- Vocare (Parceiro);October 13, 2025 4:09 PM;Thainá Vilhena;10/12/2025;Aprovado;Educação
[CURSO] [Comunicação em mídias tradicionais] Camilo Leles;October 13, 2025 5:22 PM;Thainá Vilhena;;Aprovado;Educação
[ADs] [CORPORATIVO] [G4 VALLEY] ALFREDO SOARES;October 14, 2025 8:50 AM;Lucas Liberato;14/10/2025;Aprovado;Matricial
[ADs] [PG] [TRACTION] Faceless | 28.10.25;October 14, 2025 1:14 PM;Erik Gomes;;Aprovado;
[ADs] [ONLINE] [SKILLS+FG4+ACAD. VENDEDORES] JOHN;October 14, 2025 1:20 PM;Lucas Liberato;;Aprovado;Educação
[ADs] [BU] [G4 Valley] Tallis Gomes;October 14, 2025 2:43 PM;Lucas Liberato;;Aprovado;Matricial
[VSL] [ONLINE] VSL FG4 - Misa;October 15, 2025 12:09 PM;Gui Juhas;;Cancelado;Educação
[ASSETS] [VALLEY]  HINO NACIONAL ;October 15, 2025 1:55 PM;Gui Juhas;;Aprovado;Matricial
[ASSETS] [VALLEY] VINHETAS GERAIS - KV ANIMADO;October 15, 2025 1:55 PM;Wilson Silva;;Aprovado;Matricial
[ASSETS] [VALLEY] VINHETA PATROCINADORES;October 15, 2025 1:56 PM;Wilson Silva;;Aprovado;Matricial
[ASSETS] [VALLEY] COMEÇAREMOS E VOLTAMOS EM BREVE;October 15, 2025 1:56 PM;Wilson Silva;;Aprovado;Matricial
[SKL] Vídeo divulgação | Transmissão ao vivo;October 15, 2025 4:23 PM;Gui Juhas;;Aprovado;Educação
Feedback e PDI: Acelerando a Meritocracia Brutal no G4;October 15, 2025 5:09 PM;Thainá Vilhena;;Aprovado;Educação
Jornada do Cliente no E-commerce - Antonio Nogueira;October 15, 2025 6:36 PM;Thainá Vilhena;28/11/2025;Aprovado;Educação
[UPSELL][G4 Formação em IA] João Vitor;October 16, 2025 2:14 PM;Lucas Liberato;;Aprovado;Educação
[ADs] [Formação em IA] João Vitor;October 16, 2025 2:19 PM;Lucas Liberato;;Aprovado;Educação
[CURSO] [IA para Finanças] Rodrigo Fernandes;October 16, 2025 4:23 PM;Thainá Vilhena;20/01/2026;Aprovado;Educação
[REELS] [G4 EDUCAÇÃO]  G4 Valley - Cesar Cielo;October 16, 2025 5:12 PM;Joyce Moraes;;Aprovado;Social G4
[Legendagem] [P&D] Millennial vs Alpha;October 16, 2025 5:15 PM;Joyce Moraes;;Aprovado;Matricial
[REELS] [G4 EDUCAÇÃO] G4 VALLEY -  Alexandre Zolko;October 16, 2025 5:21 PM;Raffaella Lima;;Cancelado;Social G4
[REELS] [G4 EDUCAÇÃO] G4 Valley - Bruno Henriques;October 16, 2025 5:22 PM;Gustavo Cairo;;Cancelado;Social G4
[REELS] [G4 EDUCAÇÃO] G4 VALLEY - TARCISIO;October 16, 2025 5:24 PM;Pedro Augusto;;Aprovado;Social G4
Edição Talks 31;October 17, 2025 8:21 AM;Gui Juhas;;Aprovado;Comunidades
Edição Talks 32;October 17, 2025 8:22 AM;Gui Juhas;;Aprovado;Comunidades
[Traction] Trilha de nivelamento Financeiro- Giovanni Colacicco;October 17, 2025 9:48 AM;Thainá Vilhena;;Aprovado;
[Journey] - Alfredo e Nardon;October 17, 2025 1:26 PM;Gui Juhas;22/10/2025;Aprovado;Educação
Criação de Softwares com Lovable - Christian;October 17, 2025 5:20 PM;Thainá Vilhena;;Aprovado;Educação
[REELS] [BRUNO NARDON] Tools + Valley;October 17, 2025 6:00 PM;Pedro Melo;;Aprovado;Social G4
[YOUTUBE] Nardon - G4 Podcasts;October 17, 2025 6:27 PM;Pedro Augusto;;Aprovado;
[REELS] Nardon - Reels do Youtube Podcast;October 17, 2025 6:29 PM;Lucas Liberato;;Aprovado;Social G4
[ADs] [BU][G4 Valley] Bruno Nardon;October 17, 2025 6:36 PM;Joyce Moraes;;Aprovado;Matricial
[SKILLS] Gravação de case | Julian Tonioli (Estúdio);October 17, 2025 7:01 PM;Raffaella Lima;18/11/2025;Aprovado;Matricial
[CASES] [CORPORATIVO] G4 VALLEY TELÃO - CASE RAFAEL GAMA (SCALE);October 17, 2025 7:07 PM;Gui Juhas;;Aprovado;Comunidades
[YOUTUBE] [G4 EDUCAÇÃO] DECLINIO DAS UNIVERSIDADES PRIVADAS;October 20, 2025 11:51 AM;Gui Juhas;06/11/2025;Aprovado;Youtube G4
 Podcast Pedro Janot ;October 20, 2025 2:00 PM;Gui Juhas;05/11/2025;Aprovado;Podcast
[GEMP] Pitch deck;October 20, 2025 2:27 PM;Thainá Vilhena;08/12/2025;Aprovado;Educação
[ASSETS] [VALLEY] VIDEO ABERTURA - DIA 03;October 20, 2025 3:14 PM;Erik Gomes;;Aprovado;Matricial
[ASSETS] [VALLEY] VIDEO ABERTURA - DIA 02;October 20, 2025 3:15 PM;Lucas Liberato;;Aprovado;Matricial
[ASSETS] [VALLEY]  COUNTDOWN DEPOIMENTOS;October 20, 2025 3:22 PM;Gui Juhas;;Aprovado;Matricial
[ASSETS] [VALLEY]  VÍDEO PRÉ MENTORES DENNER LIPPERT;October 20, 2025 3:22 PM;Erik Gomes;;Aprovado;Matricial
[ASSETS] [VALLEY] VÍDEO PRÉ MENTORES TALLIS GOMES;October 20, 2025 3:23 PM;Wilson Silva;;Aprovado;Matricial
[ASSETS] [VALLEY] VÍDEO PRÉ MENTORES ALFREDO SOARES ✅;October 20, 2025 3:23 PM;Wilson Silva;;Aprovado;Matricial
[ASSET VALLEY] VÍDEO PRÉ MENTORES CESAR CIELO ✅;October 20, 2025 3:23 PM;Lucas Liberato;;Aprovado;Matricial
[ASSETS] [VALLEY]  VÍDEO PRÉ MENTORES NATHALIA BEAUTY ✅;October 20, 2025 3:23 PM;Erik Gomes;;Aprovado;Matricial
[ASSETS] [VALLEY] VÍDEO PRÉ MENTORES RICHARD STAD ✅;October 20, 2025 3:23 PM;Wilson Silva;;Aprovado;Matricial
[ASSETS] [VALLEY] VÍDEO PRÉ MENTORES BRUNO NARDON ✅;October 20, 2025 3:23 PM;Wilson Silva;;Aprovado;Matricial
[ASSETS] [VALLEY] VÍDEO PRÉ MENTORES URI ✅;October 20, 2025 3:23 PM;Raffaella Lima;;Aprovado;Matricial
[ASSETS] [VALLEY]VÍDEO PRÉ MENTORES CAIO AMATO ✅;October 20, 2025 3:37 PM;Lucas Liberato;;Aprovado;Matricial
[ASSETS] [VALLEY]  VÍDEO PRÉ MENTORES HENRI ZILBERSTAJN ✅;October 20, 2025 3:38 PM;Pedro Augusto;;Aprovado;Matricial
[ASSETS] [VALLEY] VÍDEO PRÉ MENTORES JOÃO VITOR ✅;October 20, 2025 3:38 PM;Joyce Moraes;;Aprovado;Matricial
 Podcast Semenzato;October 20, 2025 3:56 PM;Gui Juhas;05/11/2025;Aprovado;Podcast
Teste;October 20, 2025 4:10 PM;Rafael Yaguiu;;Aprovado;
[CLUB] [INTEGRA] Treinamento de times;October 20, 2025 4:27 PM;Gui Juhas;20/11/2025;Aprovado;Comunidades
[VSL] [ONLINE] VSL SKILLS - Nardon;October 20, 2025 6:19 PM;Pedro Augusto;29/10/2025;Aprovado;Educação
 Podcast Caio Poli ;October 20, 2025 6:21 PM;Gui Juhas;;Aprovado;Podcast
[ADs] [ONLINE] [SKILLS] VSL Nardon;October 20, 2025 6:24 PM;Gustavo Cairo;29/10/2025;Aprovado;Educação
[ADs] [ONLINE] [FG4] Misa;October 20, 2025 6:28 PM;Erik Gomes;29/10/2025;Aprovado;Educação
Podcast Tools Live Alfredo Soares;October 20, 2025 8:10 PM;Rafael Yaguiu;02/12/2025;Aprovado;Podcast
Podcast Tools Live  Thiago Mendonça;October 20, 2025 8:18 PM;Rafael Yaguiu;;Aprovado;Podcast
 Podcast Manoel Lins ;October 21, 2025 9:58 AM;Gui Juhas;05/11/2025;Aprovado;Podcast
[AFTERMOVIE] Relançamento Scale;October 21, 2025 11:33 AM;Gui Juhas;29/10/2025;Aprovado;Comunidades
[AFTERMOVIE] Treinamento de times Club;October 21, 2025 11:37 AM;Gui Juhas;;Aprovado;Comunidades
[ADs] [SKL] MANOEL LINS;October 21, 2025 1:50 PM;Gui Juhas;25/11/2025;Aprovado;Educação
[ADs] [BU] [G4 Valley] Alfredo Soares;October 21, 2025 1:54 PM;;;Aprovado;Matricial
Demanda de ADs;October 21, 2025 3:04 PM;Rafael Yaguiu;;Aprovado;Matricial
[YOUTUBE] [TG] Funcionários não são escravos;October 21, 2025 8:19 PM;Rafael Yaguiu;;Aprovado;
[TRILHA ONBOARDING GE] Captação com Antonio Santos;October 22, 2025 10:31 AM;Thainá Vilhena;10/12/2025;Aprovado;
IMERSÃO CX - CARDOSO;October 22, 2025 10:53 AM;Gui Juhas;;Aprovado;
[TRILHA ONBOARDING GE] Captação com Carol Audi;October 22, 2025 10:54 AM;;;Cancelado;
[JOURNEY] [T03/T04/T05/T06/T07] [Q&A COM OS FUNDADORES] ALFREDO SOARES E BRUNO NARDON] [16/10/2025];October 22, 2025 12:03 PM;Gui Juhas;;Aprovado;Educação
[DEPOIMENTOS] GE T138;October 22, 2025 1:07 PM;Lucas Liberato;25/11/2025;Aprovado;
[APRESENTAÇÃO DE MENTORES] GE T138;October 22, 2025 1:14 PM;Lucas Liberato;;Aprovado;
[RODADAS DE MENTORIA] Captação GE T138;October 22, 2025 1:17 PM;Lucas Liberato;;Aprovado;
[Presencial] [Sprints | Turma 11 - Planejamento Estrategico;October 22, 2025 1:43 PM;Gui Juhas;;Aprovado;
[YOUTUBE] Nardon - Valley;October 22, 2025 1:49 PM;Pedro Augusto;03/11/2025;Aprovado;
[CASES] [CORPORATIVO] G4 VALLEY TELÃO - CASE Rodrigo Waughan;October 22, 2025 4:05 PM;Gui Juhas;30/10/2025;Aprovado;Matricial
[REELS] [ALFREDO] Clínica Mantelli e Clínica Huntington (Parceria);October 23, 2025 9:30 AM;Pedro Augusto;;Aprovado;
[SCALE] [WEBMEETING] 03;October 23, 2025 11:09 AM;Gui Juhas;;Aprovado;Comunidades
[CASE} Valley - Brenda Lezie | Scale;October 23, 2025 2:09 PM;Gui Juhas;30/10/2025;Aprovado;Educação
[CURSO] G4 Business Assistant - Rafaela Tavares Böhm;October 23, 2025 2:19 PM;Thainá Vilhena;;Aprovado;Educação
[YOUTUBE] [NARDON] KiteSurf Rally dos sertões;October 23, 2025 2:47 PM;Pedro Augusto;18/11/2025;Aprovado;
[CASES] [CORPORATIVO] G4 VALLEY TELÃO - CASE MARCELA BELLO (SCALE);October 23, 2025 2:53 PM;Gui Juhas;30/10/2025;Aprovado;Matricial
[REELS] [Nardon & G4] - Mari Melo;October 23, 2025 3:38 PM;Joyce Moraes;;Cancelado;Social G4
[CURSO] [Como se Tornar Data-Driven] Gabriel Singh Bruno;October 23, 2025 5:54 PM;Thainá Vilhena;23/01/2026;Aprovado;Educação
[YouTube] [TOOLS] | Jantar TeclaT;October 23, 2025 6:03 PM;Rafael Yaguiu;;Aprovado;G4 Tools
[ADs] Leandro Fariello;October 24, 2025 11:08 AM;Raffaella Lima;;Aprovado;Matricial
[ADs] Alunos Traction T84;October 24, 2025 11:10 AM;Raffaella Lima;;Cancelado;Matricial
[ADs] [ONLINE] [SKILLS] Edição Vlog TG;October 24, 2025 2:46 PM;Gui Juhas;;Aprovado;Educação
Trilha CF T05 - integra;October 24, 2025 4:47 PM;Gui Juhas;28/10/2025;Aprovado;Comunidades
[YOUTUBE] TG - CHINA;October 27, 2025 9:53 AM;Iago Padilha;;Aprovado;
Reels - Alfredo ;October 27, 2025 9:57 AM;Joyce Moraes;;Cancelado;Social G4
[CURSO] [Fundamentos em Vendas pelo WhatsApp] Syngoo;October 27, 2025 10:14 AM;Thainá Vilhena;05/02/2026;Aprovado;Educação
[REELS] [PODCAST] Corte Cesar Cielo - Valley;October 27, 2025 1:21 PM;Lucas Liberato;;Aprovado;Social G4
[REELS] [PODCAST] Corte Dener Lippert - Valley;October 27, 2025 1:26 PM;Lucas Liberato;;Aprovado;Social G4
[REELS] [PODCAST] Corte Nathalia Beauty - Valley;October 27, 2025 1:28 PM;Lucas Liberato;;Aprovado;Social G4
[REELS] [PODCAST] Corte Ale Zolko - Valley;October 27, 2025 1:30 PM;Gustavo Cairo;;Aprovado;Social G4
[REELS] [PODCAST] Corte Richard Stad - Valley;October 27, 2025 1:34 PM;Gustavo Cairo;;Aprovado;Social G4
[REELS] [PODCAST] Corte Henri - Valley;October 27, 2025 2:12 PM;Gustavo Cairo;29/10/2025;Aprovado;Social G4
[REELS] [PODCAST] Corte Bruno Henriques - Valley;October 27, 2025 2:13 PM;Gui Juhas;28/10/2025;Aprovado;Social G4
[ADs] [CORPORATIVO] [G4 VALLEY] Alfredo Soares;October 27, 2025 3:25 PM;Joyce Moraes;29/10/2025;Aprovado;Matricial
[ADs] [VALLEY] Bruno Nardon;October 27, 2025 4:17 PM;Lucas Liberato;;Aprovado;Matricial
[ADs] [PG] Ajustes Ads Ator;October 27, 2025 4:56 PM;;;Aprovado;
 Podcast Extremos Arthur Freitas ;October 27, 2025 5:45 PM;Raffaella Lima;;Aprovado;Podcast
 Podcast Papo de Gestão Rodrigo Maroja ;October 27, 2025 5:46 PM;Gui Juhas;05/11/2025;Aprovado;Podcast
ADS | Valley | Tallis (color);October 27, 2025 5:57 PM;Rafael Yaguiu;;Aprovado;Matricial
ADS | VALLEY  Alfredo (color);October 27, 2025 6:05 PM;Rafael Yaguiu;;Aprovado;Matricial
[YOUTUBE] [TG] Vasco Vasconcelos;October 27, 2025 6:08 PM;Iago Padilha;;Aprovado;
YT TG - Jantar de Negócios;October 27, 2025 6:10 PM;Iago Padilha;;Aprovado;
[Corte de Curso] [SKL] Cortes para o novo site Skills;October 27, 2025 8:52 PM;Thainá Vilhena;;Aprovado;Educação
[CASES] [CLUB] [PÓS-VALLEY] CASE BRUNO CERVI - 3;October 28, 2025 9:22 AM;Gui Juhas;;Aprovado;Comunidades
[CASES] [CLUB] [PÓS-VALLEY] CORINA GODOY - 4;October 28, 2025 9:30 AM;Gui Juhas;;Cancelado;Comunidades
[CASES] [CLUB] [PÓS-VALLEY] PRISCILA CALIL - 1;October 28, 2025 9:32 AM;Gui Juhas;;Aprovado;Comunidades
[CASES] [CLUB] [PÓS-VALLEY] LUANA - 5;October 28, 2025 9:39 AM;Gui Juhas;;Cancelado;Comunidades
[CASES] [CLUB] [PÓS-VALLEY] JOÃO TORRE - 2;October 28, 2025 9:49 AM;Joyce Moraes;;Aprovado;Comunidades
[GESTÃO EMPRESARIAL] Nivelamento para o encontro presencial;October 28, 2025 10:58 AM;Thainá Vilhena;11/11/2025;Aprovado;
 Podcast Papo de Gestão Luiz Cezar - especial Valley ;October 28, 2025 11:02 AM;Rafael Yaguiu;03/11/2025;Aprovado;Podcast
 Podcast Papo de Gestão Marcela Rezende ;October 28, 2025 11:03 AM;Gui Juhas;05/11/2025;Aprovado;Podcast
Produto Valley - Gravação Onboarding;October 28, 2025 11:04 AM;Thainá Vilhena;;Aprovado;Educação
[AFTERMOVIE] OTR Fortaleza;October 28, 2025 11:06 AM;Gui Juhas;;Aprovado;Comunidades
[ASSETS] [VALLEY] VÍDEO PRÉ MENTORES ALEXANDRE BETTAMIO ✅;October 28, 2025 1:37 PM;Erik Gomes;;Aprovado;Matricial
[ADs] [Paid] Edição Ads TG - Vídeo Tiktok;October 28, 2025 1:42 PM;Gui Juhas;;Cancelado;
[REELS] [MISA] Alumni T29 - Mulheres;October 28, 2025 1:51 PM;Gabrieli Rodrigues;;Aprovado;Social G4
[ASSETS] [VALLEY] VÍDEO PRÉ MENTORES NAPOLE ✅;October 28, 2025 3:57 PM;Thainá Vilhena;;Aprovado;Matricial
[ADs] [ONLINE] [SKILLS] Nardon - Trial R$ 1,00;October 28, 2025 5:27 PM;Thainá Vilhena;;Aprovado;Educação
[REELS] Gravação Social - Tools (Higor);October 29, 2025 9:38 AM;Rafael Yaguiu;;Aprovado;G4 Tools
[ADs] Novo skills + Trial 3 dias;October 29, 2025 9:48 AM;;;Aprovado;Educação
[REELS] Case Valley - Rafael Tecla (Tools);October 29, 2025 9:57 AM;Pedro Melo;;Aprovado;
[ADs] Valley com Alfredo;October 29, 2025 9:58 AM;;;Cancelado;Matricial
[REELS] [ALFREDO] Painel Le Creuset;October 29, 2025 10:00 AM;Gabrieli Rodrigues;;Aprovado;Social G4
[CASES] [CLUB] G4 VALLEY TELÃO - Daniel Coimbra;October 29, 2025 10:02 AM;;;Cancelado;Comunidades
[ADs] [CORPORATIVO] [G4 VALLEY - ONLINE] ALFREDO;October 29, 2025 10:02 AM;;;Cancelado;Matricial
[REELS] Depoimentos GE T141;October 29, 2025 10:05 AM;Pedro Augusto;;Aprovado;
Skills | Live Blackfriday;October 29, 2025 1:15 PM;Gui Juhas;03/11/2025;Aprovado;Educação
[REELS] [NOME DA CONTA] Nome do Reels;October 29, 2025 4:43 PM;;;Cancelado;Social G4
[ADs] [Valley] [online] Misa;October 29, 2025 4:43 PM;;;Cancelado;Educação
[ADs] [Valley online e Valley presencial] MISA;October 29, 2025 6:11 PM;;;Cancelado;Matricial
[ADs] [BU] [G4 Valley Online e Presencial] MISA;October 29, 2025 6:15 PM;;;Cancelado;Matricial
[ASSETS] [VALLEY] VIDEO PÓS-ALMOÇO - DIA 02;October 29, 2025 7:01 PM;Pedro Augusto;;Aprovado;Matricial
[ASSETS] [VALLEY] VIDEO PÓS-ALMOÇO - DIA 01;October 29, 2025 7:04 PM;Raffaella Lima;;Aprovado;Matricial
[ASSETS] [VALLEY] VIDEO PÓS-ALMOÇO - DIA 03;October 29, 2025 7:04 PM;Joyce Moraes;;Aprovado;Matricial
TOOLS | VALLEY | CASE G4 TECLAT;October 29, 2025 7:35 PM;Rafael Yaguiu;;Aprovado;G4 Tools
[VALLEY] REELS DIVULGAÇÃO MIKE CESSARIO;October 30, 2025 10:08 AM;Pedro Augusto;30/10/2025;Aprovado;Matricial
 Podcast Papo de Gestão Emília Chagas ;October 30, 2025 10:43 AM;Raffaella Lima;;Aprovado;Podcast
[CURSO] Pricing com Gustavo Martins;October 30, 2025 1:37 PM;;;Produção Blocked;Educação
[CASES] [SCALE] [PÓS-VALLEY] SIMÃO GOMES - 6;October 30, 2025 1:45 PM;Gui Juhas;;Cancelado;Matricial
[G4 ADVISOR] ONBOARDING  - Gravação TG;October 30, 2025 2:11 PM;;;Cancelado;Matricial
[ADs] [PG] [GE] Antônio Santos - Estilo Masterclass;October 30, 2025 2:37 PM;;;Cancelado;
[ADs] [PG] [GE] Edição Ads Alfredo;October 30, 2025 3:10 PM;;;Cancelado;
[ADs] [SKILLS] JOÃO VITOR;October 30, 2025 4:21 PM;;;Aprovado;Educação
[ADs] [VALLEY] ALFREDO SOARES (CASA DELE);October 30, 2025 5:00 PM;Pedro Melo;;Aprovado;Matricial
[ADs] [SKL] [SKL] Carol Portilho;October 30, 2025 5:22 PM;;;Cancelado;Educação
[ADs] [MATRICIAL] [VALLEY] Alfredo;October 30, 2025 7:03 PM;Vinicius Cruz;;Aprovado;Matricial
[ADs] [PRESENCIAL] [GE] Alfredo;October 30, 2025 7:07 PM;Iago Padilha;;Aprovado;
[ASSET VALLEY] VÍDEO PRÉ MENTORES MIKE CESSARIO;October 30, 2025 8:04 PM;Joyce Moraes;;Cancelado;Matricial
[TIPO DEMANDA] [BU] NOME DA DEMANDA;October 31, 2025 12:40 PM;;;Cancelado;
[ADs] [GE] - Antonio Santos;October 31, 2025 12:40 PM;Wilson Silva;;Aprovado;
[ADs] Valley - Alfredo - Soldout;October 31, 2025 1:44 PM;Gustavo Cairo;03/11/2025;Aprovado;Matricial
[REELS] [SCALE] Futebol Membros;October 31, 2025 2:07 PM;Gabrieli Rodrigues;;Aprovado;Social G4
[CASES] Scale Meeting - Frames;October 31, 2025 2:19 PM;Gui Juhas;;Aprovado;Comunidades
 Podcast Extremos Daniel Ribeiro ;October 31, 2025 3:18 PM;Joyce Moraes;;Aprovado;Podcast
[ADs] [SKILLS] ALFREDO;October 31, 2025 5:51 PM;;;Cancelado;Educação
[YOUTUBE] [ALFREDO]  FABRICA BOLD;October 31, 2025 6:27 PM;Iago Padilha;;Aprovado;
[YOUTUBE] [TG] ENCONTRO GOVERNADOR GO;October 31, 2025 6:28 PM;Iago Padilha;;Aprovado;
[CASES] [SCALE] Meeting;November 3, 2025 9:27 AM;;;Aprovado;Comunidades
[REELS] [TG] All Hands Faturamento;November 3, 2025 10:25 AM;;;;Social G4
[ADs] [Valley online] Tallis Gomes;November 3, 2025 1:28 PM;;;Aprovado;Matricial
[ASSETS] [VALLEY] VINHETAS PALESTRANTES;November 3, 2025 1:31 PM;Gustavo Cairo;;Aprovado;Matricial
Evento Interno CX;November 3, 2025 4:23 PM;Thainá Vilhena;11/11/2025;Aprovado;Matricial
ADS | Valley | Tallis;November 3, 2025 4:45 PM;Rafael Yaguiu;03/11/2025;Aprovado;Matricial
Vídeo Valley - Vip;November 3, 2025 5:10 PM;;;Aprovado;Matricial
[YOUTUBE G4] Apple - Regravação;November 3, 2025 6:38 PM;Pedro Augusto;;Aprovado;Youtube G4
[YOUTUBE G4] Estratégia de marketing da globo;November 3, 2025 6:40 PM;Joyce Moraes;;Aprovado;Youtube G4
[YOUTUBE] [G4] Streamings;November 3, 2025 6:41 PM;Raffaella Lima;;Aprovado;Youtube G4
Manifesto Valley | TG;November 3, 2025 6:43 PM;Amanda Rui;;Aprovado;
[ADs] Valley Online | TG;November 3, 2025 6:45 PM;;;Aprovado;
[ADs] [VALLEY] Online VIP - Alfredo;November 3, 2025 6:59 PM;Amanda Rui;;Aprovado;Matricial
[REELS] [TG] Cortes Podcast Joel J;November 4, 2025 4:02 PM;Gabrieli Rodrigues;;Aprovado;Social G4
[REELS] [ALFREDO] Palestra em MG;November 4, 2025 4:04 PM;Pedro Melo;;Aprovado;Social G4
[F1] [CLUB] VÍDEO PATROCINADORES;November 4, 2025 5:38 PM;Renata Nascimento;;Aprovado;Comunidades
[Cortes de Vídeos para Site] [SKL] Gravação de tela plataforma ;November 4, 2025 6:00 PM;Thainá Vilhena;10/12/2025;Aprovado;Educação
[ADs] [Valley] [Online] Tallis Gomes ;November 5, 2025 11:31 AM;Renata Nascimento;;Aprovado;Matricial
[ADs][SKILLS][CAROL PORTILHO];November 5, 2025 1:25 PM;Gui Juhas;26/11/2025;Aprovado;Educação
Reels G4 - Uri Levine (Waze)✅;November 5, 2025 5:12 PM;Raffaella Lima;;Aprovado;Matricial
[DEPOIMENTO] [TOOLS] Diogo Aguilar;November 5, 2025 5:23 PM;Rafael Yaguiu;;Cancelado;G4 Tools
[REELS] Tools | G4 Visit;November 5, 2025 5:26 PM;Pedro Melo;;Aprovado;
[JOURNEY] [T03/T04/T05/T06/T07] [Q&A] [GUILHERME BENCHIMOL] [05/11/2025];November 5, 2025 5:49 PM;Thainá Vilhena;;Cancelado;Educação
[JOURNEY] [T03/T04/T05/T06/T07] [Q&A] [TALLIS GOMES] [06/11/2025];November 5, 2025 6:04 PM;Thainá Vilhena;;Cancelado;Educação
[REELS] [TG] All Hands Valley;November 5, 2025 6:27 PM;;;;
 Podcast Extremos  Yuri Barbosa & Vinicius de Sá;November 6, 2025 11:06 AM;Raffaella Lima;;Aprovado;Podcast
 Podcast Extremos Thiago Franco (ICOMM) ;November 6, 2025 11:20 AM;Joyce Moraes;;Aprovado;Podcast
 Podcast Extremos Alessandro Cunha (BC Energia) ;November 6, 2025 11:39 AM;Thainá Vilhena;10/12/2025;Aprovado;Podcast
[REELS] [TG] Podcast Ceará Festa da Firma;November 6, 2025 11:48 AM;Gabrieli Rodrigues;;Blocked;Social G4
[AFTERMOVIE] Poker F1;November 6, 2025 1:52 PM;Gui Juhas;;Aprovado;Comunidades
[ASSETS] [VALLEY] VÍDEO PRÉ MENTORES ALEXANDRE ZOLKO ✅ (1);November 6, 2025 4:37 PM;Raffaella Lima;;Aprovado;Matricial
[REELS] [G4 EDUCACÃO] Formula 1;November 6, 2025 5:23 PM;Gui Juhas;;Aprovado;Social G4
 Podcast Papo de Gestão Giovanni Colacicco ;November 6, 2025 6:35 PM;Gui Juhas;;Aprovado;Podcast
 Podcast Extremos Diogo Aguilar ;November 6, 2025 6:36 PM;Erik Gomes;;Aprovado;Podcast
 Podcast Extremos Fábio Ferraz ;November 6, 2025 6:37 PM;Wilson Silva;;Aprovado;Podcast
As regras do jogo - Manifesto Nardon;November 7, 2025 9:39 AM;Lucas Liberato;;Aprovado;Social G4
[BU] [Journey - Mentoria TG;November 7, 2025 9:54 AM;Thainá Vilhena;;Aprovado;Educação
[REELS] [MATRICIAL] All Hands Rebranding;November 7, 2025 10:43 AM;Gabrieli Rodrigues;;Aprovado;
[Online] Live | Tendencias e ameaças de 2026;November 7, 2025 11:30 AM;Gui Juhas;;Cancelado;Educação
[REELS] [SOCIAL] All Hands Novo Código TG;November 7, 2025 12:11 PM;Gabrieli Rodrigues;10/10/2025;Aprovado;Social G4
Podcast G4 Tools Diego Ivo (Tools);November 7, 2025 4:14 PM;Rafael Yaguiu;08/12/2025;Aprovado;Podcast
[PODCAST] [TOOLS] Rafael Figueredo;November 7, 2025 4:15 PM;Rafael Yaguiu;;Aprovado;G4 Tools
[PODCAST] [TOOLS] Alessandro Cunha;November 7, 2025 4:15 PM;Rafael Yaguiu;;Aprovado;G4 Tools
[CURSO] Análises financeiras com o ChatGPT com Rodrigo Fernandes;November 7, 2025 5:48 PM;Thainá Vilhena;;Cancelado;Educação
[YOUTUBE] [Nardon - Formula 01;November 10, 2025 12:58 PM;Pedro Augusto;;Aprovado;
[YOUTUBE] [Nardon - Globo Portas];November 10, 2025 1:00 PM;Gustavo Cairo;;Cancelado;
[ADs] Traction - Leandro Fariello;November 10, 2025 1:28 PM;Gui Juhas;;Aprovado;
[ADs] Traction - Gustavo Martins;November 10, 2025 1:32 PM;Mayara Alvares;;Aprovado;
[Valley] Mentoria pré-valley 1º lote;November 10, 2025 3:14 PM;;;Cancelado;
 Podcast Papo de Gestão Gustavo Martins ;November 10, 2025 5:45 PM;Raffaella Lima;;Aprovado;Podcast
[ADs] [MATRICIAL] [VALLEY] ALFREDO;November 11, 2025 10:38 AM;;;Aprovado;Matricial
[AFTERMOVIE] Academia de Liderança 03;November 11, 2025 11:11 AM;Raffaella Lima;12/12/2025;Aprovado;
[ASSETS] [VALLEY] VÍDEO PRÉ ROBERTO REIS ✅ ;November 11, 2025 5:50 PM;Erik Gomes;;Aprovado;Matricial
[ADs] Alfredo - Gravação de Ads 18.11;November 12, 2025 2:36 PM;;;Aprovado;Educação
[ADs] Ads GE - Últimas turmas de 2025 - Misa;November 12, 2025 3:19 PM;;;Aprovado;
[ADs] Últimas turmas de 2025 - JV;November 12, 2025 3:23 PM;Pedro Augusto;;Aprovado;Educação
[ADs] Ads G4 CX - Juliana Loch;November 12, 2025 3:25 PM;Pedro Augusto;;Aprovado;Educação
[CURSO] Atualizações de cursos;November 12, 2025 4:16 PM;;;Cancelado;Educação
[TRANSMISSÃO] VALLEY 4;November 13, 2025 11:16 AM;;;Aprovado;
[AFTERMOVIE] VALLEY 4;November 13, 2025 11:17 AM;;;Aprovado;Matricial
[REELS] VALLEY 4;November 13, 2025 11:17 AM;;;Aprovado;Matricial
 Podcast Extremos Inacio Dapper e Henrique (Move On) ;November 17, 2025 12:24 PM;Erik Gomes;;Aprovado;Podcast
 Podcast Extremos Renato Cariani ;November 17, 2025 1:58 PM;Wilson Silva;;Aprovado;Podcast
[REELS] Tools - M3;November 17, 2025 2:34 PM;Rafael Yaguiu;;Cancelado;G4 Tools
[SCALE] [Scale Meeting] T01A - Finanças;November 17, 2025 3:19 PM;Gui Juhas;08/12/2025;Aprovado;Comunidades
 Podcast Papo de Gestão Juliana Loch ;November 17, 2025 4:23 PM;Gui Juhas;09/12/2025;Aprovado;Podcast
[REELS] [G4 EDUCACAO] Corte Renato Cariani - Podcasts;November 17, 2025 7:00 PM;Wilson Silva;;Aprovado;Social G4
PDI - Time de People;November 18, 2025 10:45 AM;Thainá Vilhena;;Aprovado;Educação
Deck de Vendas Club ;November 18, 2025 10:47 AM;Wilson Silva;15/12/2025;Aprovado;Comunidades
[REELS] Tools - Commo CRM;November 18, 2025 12:25 PM;Rafael Yaguiu;;Aprovado;G4 Tools
Trilha PA T06;November 18, 2025 1:27 PM;Gui Juhas;19/11/2025;Aprovado;Comunidades
[REELS] Tools - Gamefic;November 18, 2025 2:23 PM;Rafael Yaguiu;;Cancelado;G4 Tools
[EVENTO] Tools - Jantar ;November 18, 2025 2:27 PM;Rafael Yaguiu;;Cancelado;G4 Tools
ADs BF - Nardon;November 18, 2025 3:46 PM;Lucas Liberato;19/11/2025;Aprovado;Educação
 Podcast Papo de Gestão  Carol Portilho  ;November 18, 2025 4:05 PM;Raffaella Lima;;Aprovado;Podcast
[ADS] Ûltimas turmas de 2025 - Nardon;November 18, 2025 5:21 PM;Mayara Alvares;;Aprovado;
Ads GEMP e FG4 - JV;November 18, 2025 5:28 PM;Pedro Augusto;15/12/2025;Aprovado;Educação
Ads GEMP - Manoel Lins;November 18, 2025 5:29 PM;Joyce Moraes;;Cancelado;Educação
Ads GEMP e FG4 - Alfredo;November 18, 2025 5:30 PM;Gui Juhas;;Cancelado;Educação
Ads GEMP - Rodrigo Fernandes;November 18, 2025 5:31 PM;;;Cancelado;Educação
Ads GEMP e FG4 - Misa;November 18, 2025 5:33 PM;Gustavo Cairo;;Aprovado;Educação
[ADs] [CORPORATIVO] [BLACKFRIDAY] ALFREDO;November 18, 2025 8:36 PM;Gui Juhas;;Aprovado;Educação
Ads - FG4, ISCAS E GEMP - Nardon;November 19, 2025 12:00 PM;Gui Juhas;16/12/2025;Aprovado;Educação
[ADs][ONLINE][IA FACELESS][CAMPEÃO 🏆];November 19, 2025 4:08 PM;Erik Gomes;05/12/2025;Aprovado;Educação
[ADs][ONLINE][CRIATIVOS VIRAIS]      ;November 19, 2025 4:20 PM;Erik Gomes;05/12/2025;Aprovado;Educação
[EDIÇÃO] [SCL] WEBMEETING;November 19, 2025 5:58 PM;Gui Juhas;01/12/2025;Aprovado;Comunidades
[REELS] [TG] Global Investidor Symposium;November 19, 2025 7:57 PM;;;;
[Skills- Live Alfredo - Tendencias para 2026;November 19, 2025 7:59 PM;Gui Juhas;01/12/2025;Aprovado;Educação
[PUBLICIDADE] [MATRICIAL] CAMPANHA SBT E BAND;November 20, 2025 11:26 AM;Wilson Silva;03/12/2025;Aprovado;Matricial
Webnário - Jon;November 20, 2025 11:38 AM;Gui Juhas;;Aprovado;Educação
[ADs] [MATRICIAL] [MÉTODO G4] Jonh;November 20, 2025 7:42 PM;Rafael Yaguiu;;Cancelado;Matricial
[PODCAST] [TOOLS] Thiago Barreto;November 24, 2025 11:48 AM;Rafael Yaguiu;;Aprovado;G4 Tools
 Podcast Extremos  Douglas Viegas / Poderosíssimo Ninja ;November 24, 2025 2:09 PM;Gui Juhas;25/11/2025;Aprovado;Podcast
Como começar a importar da China - Lincoln Francari;November 24, 2025 5:53 PM;Joyce Moraes;;Aprovado;Educação
[KV] CLASS 16;November 25, 2025 10:12 AM;Lucas Liberato;;Aprovado;Comunidades
[VÍDEO] [ABERTURA] CLASS 16;November 25, 2025 10:13 AM;Lucas Liberato;;Aprovado;Comunidades
[SKILLS] [CLUBE DO LIVRO] Transmissão;November 25, 2025 10:50 AM;Gui Juhas;09/12/2025;Aprovado;Educação
[ADs] [CORPORATIVO] [BLACKFRIDAY] TALLIS GOMES;November 25, 2025 11:24 AM;Joyce Moraes;;Aprovado;Educação
[Skills] Criando Clientes Vendedores - Rodrigo Noll;November 25, 2025 2:03 PM;Thainá Vilhena;;Aprovado;Educação
[Skills] Curso Sólides - Távira Magalhães;November 25, 2025 2:05 PM;;;Cancelado;Educação
[CURSO] [Introdução a IA] Victor Meireles ;November 25, 2025 2:37 PM;Joyce Moraes;29/01/2026;Aprovado;Educação
Skills - Aula ao Vivo com Bruno Cunha;November 25, 2025 2:38 PM;Gui Juhas;18/12/2025;Aprovado;Educação
[Club - Talks T33;November 25, 2025 7:42 PM;Gui Juhas;01/12/2025;Aprovado;Comunidades
[ADs] [CORPORATIVO] [BLACK FRIDAY G4 E G4 PELO BRASIL] ALFREDO;November 26, 2025 9:20 AM;Raffaella Lima;;Aprovado;Matricial
[ADs] Trilha PA 05;November 26, 2025 10:27 AM;Gui Juhas;01/12/2025;Aprovado;Comunidades
[ADs] Frontier com Alfredo ;November 26, 2025 10:37 AM;Pedro Melo;;Aprovado;Matricial
[REELS] Tools Organico 01 - Higor;November 26, 2025 12:56 PM;Rafael Yaguiu;;Aprovado;G4 Tools
MANIFESTO DA NOVA MARCA G4;November 26, 2025 1:40 PM;Rafael Yaguiu;;Aprovado;Matricial
 Podcast Extremos Erico Rocha ;November 26, 2025 2:40 PM;Gui Juhas;;Aprovado;Podcast
Vídeo de Página BF com Alfredo;November 26, 2025 3:11 PM;Vinicius Cruz;;Aprovado;Educação
BLACKFRIDAY G4 - UpSell - [Pass] TG;November 26, 2025 3:12 PM;Gui Juhas;;Aprovado;Educação
[YOUTUBE] [NARDON] BLACK FRIDAY;November 26, 2025 3:13 PM;Pedro Augusto;;Aprovado;
[UPSELL] [Black Friday] Alfredo Soares;November 26, 2025 5:34 PM;Wilson Silva;01/12/2025;Aprovado;Educação
[ADS] [MATRICIAL] ADS LIVE JOHN;November 26, 2025 8:55 PM;Vinicius Cruz;;Aprovado;
[ADs][ONLINE][REFORMULAR IA FACELESS];November 27, 2025 2:03 PM;Raffaella Lima;;Aprovado;Educação
[ADs] TG - MIL ADS;November 27, 2025 3:12 PM;Pedro Augusto;;Aprovado;
[ADs] ALFREDO - MIL ADS;November 27, 2025 3:13 PM;Pedro Augusto;;Blocked;Educação
[ADs] [Black Friday] NARDON;November 27, 2025 4:52 PM;Gui Juhas;27/11/2025;Aprovado;Educação
[ADs][ONLINE][CORTES DA LIVE BF25];November 27, 2025 9:15 PM;Raffaella Lima;11/12/2025;Aprovado;Educação
[ADs][ONLINE][NOVOS FACELESS];November 28, 2025 10:16 AM;Erik Gomes;16/01/2026;Aprovado;Educação
[ADs] [CORPORATIVO] [BLACKFRIDAY G4] TALLIS;November 28, 2025 12:07 PM;Raffaella Lima;;Aprovado;Educação
[ADs] [CORPORATIVO] [BLACKFRIDAY G4] ALFREDO;November 28, 2025 1:41 PM;Erik Gomes;;Aprovado;Matricial
 Podcast Extremos Alexandre Faustino ;November 28, 2025 4:56 PM;Raffaella Lima;;Aprovado;Podcast
[SCALE] [Scale Meeting] T02B Finanças;November 30, 2025 9:40 AM;Gui Juhas;;Aprovado;Comunidades
 Podcast Extremos Pós Valley com Cunha, Verônica e Collares ;December 1, 2025 10:22 AM;Gui Juhas;02/12/2025;Aprovado;Podcast
[CASES] [VALLEY] Edição;December 1, 2025 11:18 AM;Gui Juhas;06/01/2026;Aprovado;Matricial
 Podcast Papo de Gestão Leandro Fariello  ;December 1, 2025 5:26 PM;Joyce Moraes;;Aprovado;Podcast
[PODCAST] [TOOLS] Adriano  Subirá;December 1, 2025 6:51 PM;Rafael Yaguiu;;Aprovado;G4 Tools
[ADs] [BU] [UPSELL BF] ALFREDO;December 1, 2025 7:08 PM;Gui Juhas;01/12/2025;Aprovado;Educação
[Advisor] - Aula Inaugural T01 com Heitor Siviero;December 2, 2025 10:36 AM;Gui Juhas;08/12/2025;Aprovado;Educação
[Entrevista Nardon - Revista Oeste;December 2, 2025 3:31 PM;;;Aprovado;
[G4 PB] [PRÉ MENTORES] THEO OROSCO;December 3, 2025 2:25 PM;Wilson Silva;;Aprovado;Matricial
[G4 PB] [PRÉ MENTORES] GUSTAVO PAGOTTO;December 3, 2025 2:27 PM;Wilson Silva;;Aprovado;Matricial
[CASE] [PODCAST VALLEY] Club;December 3, 2025 4:40 PM;Gui Juhas;15/12/2025;Aprovado;Matricial
[Edição] Boas-vindas Traction;December 3, 2025 5:37 PM;Gui Juhas;;Aprovado;
[REELS] [TG] Cortes Primo Pobre;December 3, 2025 5:53 PM;Jasiel Viana;10/12/2025;Aprovado;Social G4
[REELS] [TG] Cortes Market Makers;December 3, 2025 6:02 PM;Gabrieli Rodrigues;10/12/2025;Aprovado;Social G4
[G4 PB] [PRÉ MENTORES] HENRI ZYLBERSTJAIN;December 3, 2025 6:04 PM;Wilson Silva;;Aprovado;Matricial
[CASES] [PODCAST VALLEY] Alunos destaque;December 4, 2025 10:35 AM;Gui Juhas;15/12/2025;Aprovado;Matricial
[CLUB] AFTERMOVIE CLASS 16;December 4, 2025 12:01 PM;Lucas Liberato;;Aprovado;Comunidades
[CLUB] REELS CLASS 16;December 4, 2025 12:02 PM;Gui Juhas;;Aprovado;Comunidades
[GESTÃO] [TRACTION] Aula Online Finanças - Pós-programa;December 4, 2025 3:23 PM;Gui Juhas;18/12/2025;Aprovado;Educação
[YOUTUBE] [TG] BF + FECHAMENTO + PALESTRA;December 4, 2025 4:24 PM;Pedro Augusto;10/12/2025;Aprovado;
[TRILHA ONBOARDING GE] JULIAN TONIOLI;December 5, 2025 3:21 PM;;;Cancelado;
[JOURNEY] [T03 a T07] [Aula 1: Saúde Financeira com Giovanni Colacicco] [08/12/2025];December 5, 2025 3:56 PM;Gui Juhas;09/12/2025;Aprovado;Educação
[JOURNEY] [T03 a T07] [Aula 2: Planejamento Financeiro com Julian Tonioli] [09/12/2025];December 5, 2025 4:00 PM;Gui Juhas;;Aprovado;Educação
[JOURNEY] [T03 a T07] [Aula 3: Gestão de Custos e Despesas com Gustavo Martins] [10/12/2025];December 5, 2025 4:02 PM;Gui Juhas;11/12/2025;Aprovado;Educação
[JOURNEY] [T03 a T07] [Aula 4: Cash Flow na Prática com Eduardo Camargo] [11/12/2025];December 5, 2025 4:15 PM;Gui Juhas;12/12/2025;Aprovado;Educação
[JOURNEY] [T03 a T07] [Aula 5: Financiamento Estratégico com Leandro Fariello] [12/12/2025];December 5, 2025 4:18 PM;Raffaella Lima;;Aprovado;Educação
[JOURNEY] [T03 a T07] [Aula 6: Gestão de Riscos Financeiros com Rodrigo Fernandes] [13/12/2025];December 5, 2025 4:22 PM;Gui Juhas;;Cancelado;Educação
 Podcast Extremos Marcos Paulo ;December 5, 2025 4:50 PM;Lucas Liberato;;Aprovado;Podcast
 Podcast Papo de Gestão Tatiana Pimenta ;December 5, 2025 5:09 PM;Gustavo Cairo;;Aprovado;Podcast
[YOUTUBE] [G4] Mecanismos: A verdade por trás dos rótulos;December 8, 2025 3:12 PM;Lucas Liberato;;Aprovado;Youtube G4
[YOUTUBE] [TG] CLASS + BSB;December 8, 2025 3:48 PM;Pedro Augusto;;Aprovado;
[YOUTUBE] [TG] ALPHA + JANTAR;December 8, 2025 3:58 PM;Iago Padilha;15/12/2025;Aprovado;
[ADs][ONLINE][INSERIR CARTELA DO G4 ONLINE];December 8, 2025 4:42 PM;Gui Juhas;08/12/2025;Aprovado;Educação
[PODCAST] [GE] [Trilha Onboarding] Rogério Melzi;December 8, 2025 7:22 PM;Erik Gomes;22/01/2026;Aprovado;Educação
[Manifesto] [BU] [G4 FLG] Alfredo Soares;December 9, 2025 9:20 AM;Pedro Augusto;10/12/2025;Aprovado;Matricial
[ADs] [G4 FLG] Alfredo Soares;December 9, 2025 9:47 AM;Pedro Kaigan;15/12/2025;Aprovado;Educação
[ADs] [ONLINE] [CYBER-WEEK] ALFREDO;December 9, 2025 10:09 AM;Pedro Kaigan;10/12/2025;Aprovado;Educação
[ADs] [PRESENCIAL] [G4-PELO-BRASIL] ALFREDO;December 9, 2025 10:33 AM;Pedro Kaigan;10/12/2025;Aprovado;
[REELS] [TOOLS] Cortes - Adriano Subirá;December 9, 2025 10:48 AM;Gabrieli Rodrigues;;Aprovado;Social G4
[REELS] [TG] Comex War Room;December 9, 2025 11:33 AM;Iago Padilha;;Aprovado;
[CURSO] [Trilha educacional] Sólides;December 9, 2025 2:45 PM;Thainá Vilhena;26/02/2026;Aprovado;Educação
[REELS] [TG] Cortes Podcast Canal ND+;December 9, 2025 3:39 PM;Gabrieli Rodrigues;10/12/2025;Aprovado;Social G4
[ADs] [CORPORATIVO] [FOUNDER LEAD GROWTH] ALFREDO;December 9, 2025 4:32 PM;Joyce Moraes;;Aprovado;Educação
[REELS REAL TIME] [G4 PELO  BRASIL] BRÁSILIA;December 10, 2025 8:05 AM;;;Aprovado;Social G4
[REELS] [SCALE] Depoimento Membros Kart;December 10, 2025 11:13 AM;Gabrieli Rodrigues;;Aprovado;Social G4
[YOUTUBE] [NARDON] MIAMI;December 10, 2025 3:22 PM;Pedro Augusto;15/12/2025;Aprovado;
[YOUTUBE] [NARDON] Meu ano em todas as provas do Iron;December 10, 2025 3:26 PM;Pedro Augusto;06/01/2026;Aprovado;
[YOUTUBE] [NARDON] Retrospectiva 2025;December 10, 2025 3:30 PM;Jasiel Viana;;Blocked;
[YOUTUBE] [NARDON] ESTRATÉGIAS PARA 2026;December 10, 2025 3:35 PM;Pedro Augusto;;Aprovado;
[YOUTUBE] [NARDON] O G4 como seu principal aliado nos negócios;December 10, 2025 3:37 PM;Pedro Augusto;;Aprovado;
[YOUTUBE] [NARDON] EP DISNEY;December 10, 2025 3:38 PM;Pedro Augusto;;Aprovado;
[ADs] [G4 founder Led Growth] Tallis Gomes e Alfredo Soares;December 10, 2025 4:36 PM;Joyce Moraes;11/12/2025;Aprovado;Educação
[YOUTUBE] [ALFREDO] VLOG CLASS 16;December 10, 2025 4:40 PM;Pedro Augusto;;Aprovado;
[REELS] [ALFREDO] G4 PELO BRASIL BSB;December 10, 2025 4:53 PM;Pedro Kaigan;10/12/2025;Aprovado;Social G4
[ONBOARDING] [GESTÃO] FOUNDER LED GROWTH;December 10, 2025 5:17 PM;Thainá Vilhena;17/12/2025;Aprovado;Educação
[REELS] [TG] PELO BRASIL - BRASÍLIA;December 10, 2025 6:33 PM;Pedro Augusto;10/12/2025;Aprovado;Social G4
[REELS] [NARDON] GE (10/12/2026);December 11, 2025 10:56 AM;Victor Molinari;15/12/2025;Aprovado;Social G4
[REELS-FOTO] [ALFREDO] DIÁRIA/REUNIÕES/MARCOS PAULO;December 11, 2025 3:10 PM;Pedro Kaigan;11/12/2025;Aprovado;Social G4
[REELS] [NARDON] PODCAST COM MARCOS PAULO;December 12, 2025 8:47 AM;Victor Molinari;15/12/2025;Aprovado;Social G4
[REELS] [ALFREDO] POKER;December 12, 2025 9:55 AM;Pedro Kaigan;15/12/2025;Aprovado;Social G4
[REELS] [TG] POKER ;December 12, 2025 10:36 AM;Iago Padilha;15/12/2025;Aprovado;Social G4
[AFTERMOVIE] TRACTION T89;December 12, 2025 3:56 PM;Joyce Moraes;;Aprovado;
[REELS] [G4] ROSTOS VALLEY;December 12, 2025 5:48 PM;Gabrieli Rodrigues;;Aprovado;Social G4
[ADs][ONLINE][INSERIR CARTELA + CTA];December 14, 2025 10:20 PM;Gui Juhas;15/12/2025;Aprovado;Educação
Journey - Aula 19;December 15, 2025 11:26 AM;Gui Juhas;;Aprovado;Educação
Journey - Aula 20;December 15, 2025 11:30 AM;Gui Juhas;15/12/2025;Aprovado;Educação
Journey - Aula 21;December 15, 2025 11:32 AM;Gui Juhas;15/12/2025;Aprovado;Educação
Journey - Aula 23;December 15, 2025 11:34 AM;Gui Juhas;15/12/2025;Aprovado;Educação
Journey - Aula 22;December 15, 2025 11:45 AM;Gui Juhas;;Aprovado;Educação
[REELS] [ALFREDO] Cortes YT Class;December 15, 2025 12:23 PM;Pedro Kaigan;15/12/2025;Aprovado;Social G4
[SCL] Mentoria Online 12;December 15, 2025 2:48 PM;Gui Juhas;17/12/2025;Aprovado;Comunidades
[ADs][ONLINE][INSERIR CARTELA + CTA] ;December 15, 2025 3:24 PM;Gui Juhas;15/12/2025;Aprovado;Educação
[REELS] [NARDON] Bastidores Papo de Gestão;December 15, 2025 4:17 PM;Victor Molinari;15/12/2025;Aprovado;Social G4
[REELS] [NARDON] CLUB - CORTES 01 E 02 (15/12/2026);December 15, 2025 4:42 PM;Victor Molinari;16/12/2025;Aprovado;Social G4
[YOUTUBE] [ALFREDO] VLOG FORMULA 1;December 15, 2025 7:22 PM;Pedro Augusto;28/12/2025;Aprovado;
[YOUTUBE] [ALFREDO] VLOG FORTALEZA;December 15, 2025 7:26 PM;Pedro Augusto;;Aprovado;
[REELS] [ALFREDO] VLOG do VALLEY;December 15, 2025 7:41 PM;Pedro Kaigan;15/12/2025;Aprovado;Social G4
[Toolkit] [Skills] Vídeos das ferramentas do produto aceleração de carreiras;December 15, 2025 8:36 PM;Thainá Vilhena;17/12/2025;Aprovado;Educação
[YOUTUBE] [NARDON] COMPILADO FECHAMENTO;December 16, 2025 10:17 AM;Pedro Augusto;;Aprovado;
[YOUTUBE] [TALLIS] RETROSPECTIVA 2025;December 16, 2025 10:19 AM;Pedro Augusto;;Aprovado;
[YOUTUBE] [TALLIS] COMPILADO DE FECHAMENTOS 2025;December 16, 2025 10:20 AM;Raffaella Lima;;Aprovado;
[REELS] [NARDON] Premiação IronMan;December 16, 2025 10:22 AM;Victor Molinari;16/12/2025;Aprovado;Social G4
[REELS] [NARDON] Almoço Evento Nardon - CORTES 1 E 2;December 16, 2025 10:28 AM;Victor Molinari;17/12/2025;Aprovado;Social G4
[REELS] [G4 Educação] Reels com influenciador Yann;December 16, 2025 10:40 AM;Pedro Augusto;;Aprovado;
[FOTOS] [DIRETORIA] OFFSITE;December 16, 2025 11:44 AM;Pedro Melo;16/12/2025;Aprovado;Social G4
[REELS] [TG] Cortes All Hands;December 16, 2025 2:31 PM;Gabrieli Rodrigues;;Aprovado;Social G4
[TRANSMISSÃO] [G4 Formação em IA] T02 - Aula 8;December 16, 2025 4:42 PM;Lucas Liberato;;Aprovado;Educação
[TIPO DEMANDA] [MATRICIAL] Treinamento de Vendas FLG;December 16, 2025 4:56 PM;Gabrieli Rodrigues;;Aprovado;
[REELS] [ALREDO] Brutos com Cor do Dia 15 e 16 para clipadores;December 16, 2025 7:21 PM;Pedro Kaigan;16/12/2025;Aprovado;Social G4
[YOUTUBE] [TG] BP 2026;December 16, 2025 7:49 PM;Pedro Augusto;;Aprovado;
[YOUTUBE] [TG] O ÚLTIMO DIA ÚTIL de 2025;December 16, 2025 7:55 PM;Pedro Augusto;;Aprovado;
[REELS] [NARDON] Mentoria com Nardon ;December 17, 2025 10:13 AM;Victor Molinari;17/12/2025;Aprovado;Social G4
[REELS] [TG] Cortes Flow;December 17, 2025 11:08 AM;Pedro Augusto;;Aprovado;
[ADs] [G4 FLG] Tallis Gomes;December 17, 2025 2:48 PM;Gustavo Cairo;19/12/2025;Aprovado;Educação
[TRANSMISSÃO] [Estratégia Estruturação] Bootcamp 01 [T01] Aula 01;December 17, 2025 4:09 PM;Thainá Vilhena;03/02/2026;Aprovado;Educação
[TRANSMISSÃO] [Estratégia Estruturação] Bootcamp 01 [T01] Aula 02;December 17, 2025 4:26 PM;Lucas Liberato;;Aprovado;Educação
[TRANSMISSÃO] [Estratégia Estruturação] Bootcamp 01 [T01] Aula 03;December 17, 2025 4:38 PM;Joyce Moraes;;Aprovado;Educação
[TRANSMISSÃO] [Estratégia Estruturação] Bootcamp 01 [T01] Aula 04;December 17, 2025 4:40 PM;Joyce Moraes;;Aprovado;Educação
[TRANSMISSÃO] [Bootcamp 1] [Estratégia Evolução] T01  Aula 01;December 17, 2025 4:46 PM;Lucas Liberato;11/02/2026;Aprovado;Educação
[YOUTUBE] [ALFREDO] FINAL DE ANO;December 17, 2025 4:47 PM;Pedro Augusto;;Aprovado;
[TRANSMISSÃO] [Bootcamp 1] [Estratégia Evolução] T01 | Aula 02;December 17, 2025 4:49 PM;Gui Juhas;11/02/2026;Aprovado;Educação
[TRANSMISSÃO] [Bootcamp 1] [Estratégia Evolução] T01 | Aula 03;December 17, 2025 4:51 PM;Gui Juhas;13/02/2026;Aprovado;Educação
[TRANSMISSÃO] [Bootcamp 1] [Estratégia Evolução] T01 | Aula 04;December 17, 2025 4:54 PM;Gui Juhas;13/02/2026;Aprovado;Educação
[TRANSMISSÃO] [Estratégia Evolução] Bootcamp 01 T01 Aula 05;December 17, 2025 4:58 PM;Erik Gomes;;Aprovado;Educação
[TRANSMISSÃO] [Bootcamp 2] [Pessoas Estruturação] T01 Aula 01;December 17, 2025 5:03 PM;Thainá Vilhena;04/03/2026;Aprovado;Educação
[TRANSMISSÃO] [Bootcamp 2] [Pessoas Estruturação] T01 Aula 02;December 17, 2025 5:07 PM;Thainá Vilhena;10/03/2026;Aprovado;Educação
[TRANSMISSÃO] [Bootcamp 2] [Pessoas Estruturação] T01 Aula 03;December 17, 2025 5:10 PM;;;Aprovado;Educação
[TRANSMISSÃO] [Bootcamp 2] [Pessoas Estruturação] T01 Aula 04;December 17, 2025 5:13 PM;;;Aprovado;Educação
[TRANSMISSÃO] [Bootcamp 2] [Pessoas Evolução] T01 Aula 1;December 17, 2025 5:35 PM;;;Aprovado;Educação
[TRANSMISSÃO] [Bootcamp 2] [Pessoas Evolução] T01 | Aula 2;December 17, 2025 5:38 PM;;;Aprovado;Educação
[YOUTUBE] [NARDON] VIRGIN GALACTIC;December 17, 2025 5:40 PM;Pedro Augusto;06/01/2026;Aprovado;
[TRANSMISSÃO] [Bootcamp 2] [Pessoas Evolução] T01 | Aula 3;December 17, 2025 6:54 PM;;;Aprovado;Educação
[TRANSMISSÃO] [Bootcamp 2] [Pessoas Evolução] T01 | Aula 4;December 17, 2025 6:58 PM;;;Aprovado;Educação
[ADVISOR] [Bootcamp 2] [Pessoas Evolução] T01 Aula 5;December 17, 2025 7:02 PM;;;Aprovado;Educação
[ADVISOR] [Bootcamp 3] [Receita Estruturação] T01 Aula 1;December 17, 2025 7:07 PM;;;Aprovado;Educação
[ADVISOR] [Bootcamp 3] [Receita Estruturação] T01 Aula 2;December 17, 2025 7:13 PM;;;Aprovado;Educação
[YOUTUBE] [TG] ÚLTIMO DIA ÚTIL DE 2025;December 17, 2025 7:14 PM;Rafael Yaguiu;;Aprovado;
[ADVISOR] [Bootcamp 3] [Receita Estruturação] T01 Aula 3;December 17, 2025 7:15 PM;;;Aprovado;Educação
[ADVISOR] [Bootcamp 3] [Receita Estruturação] T01  Aula 4;December 17, 2025 7:23 PM;;;Aprovado;Educação
[ADVISOR] [Bootcamp 3] [Receita Evolução] T01 Aula 2;December 17, 2025 7:28 PM;;;Aprovado;Educação
[ADs] [CORPORATIVO] [FOUNDER LED GROWTH] Rafael Furlanetti ;December 18, 2025 1:58 PM;Erik Gomes;;Aprovado;Educação
[ADVISOR] [Bootcamp 3] [Receita Evolução] T01 Aula 1;December 18, 2025 3:12 PM;;;Aprovado;Educação
[ADVISOR] [Bootcamp 3] [Receita Evolução] T01 Aula 3;December 18, 2025 3:14 PM;;;Aprovado;Educação
[ADVISOR] [Bootcamp 3] [Receita Evolução] T01 Aula 4;December 18, 2025 3:17 PM;;;Aprovado;Educação
[ADVISOR] [Bootcamp 3] [Receita Evolução] T01 Aula 5;December 18, 2025 3:21 PM;;;Aprovado;Educação
[TRANSMISSÃO] [Aumento de Receita] T04 a 07 Aula 01;December 18, 2025 3:42 PM;;;Aprovado;Educação
[JOURNEY] [Aumento de Receita] T04 a 07 Aula 02;December 18, 2025 3:47 PM;;;Aprovado;Educação
[JOURNEY] [Aumento de Receita] T04 a 07 Aula 03;December 18, 2025 3:51 PM;;;Aprovado;Educação
[JOURNEY] [Aumento de Receita] T04 a 07 Aula 04;December 18, 2025 3:56 PM;;;Aprovado;Educação
[JOURNEY] [Aumento de Receita] T04 a 07 Aula 05;December 18, 2025 4:01 PM;;;Aprovado;Educação
[JOURNEY] [Aumento de Receita] T04 a 07 Aula 06;December 18, 2025 4:01 PM;;;Aprovado;Educação
[JOURNEY] [Cultura] T04 a 07 Aula 3;December 18, 2025 4:02 PM;;;Aprovado;Educação
[REELS] [TOOLS] Reels THIAGO MENDONÇA;December 18, 2025 4:13 PM;Pedro Augusto;;Aprovado;G4 Tools
[JOURNEY] [Cultura] T04 a 07 Aula 1;December 18, 2025 9:42 PM;;;Aprovado;Educação
[JOURNEY] [Cultura] T04 a 07 Aula 2;December 18, 2025 9:43 PM;;;Aprovado;Educação
[JOURNEY] [Cultura] T04 a 07 Aula 4;December 18, 2025 9:43 PM;;;Aprovado;Educação
[JOURNEY] [Cultura] T04 a 07 Aula 5;December 18, 2025 9:44 PM;;;Aprovado;Educação
[JOURNEY] [Cultura] T04 a 07 Aula 6;December 18, 2025 9:44 PM;;;Aprovado;Educação
[TRANSMISSÃO] [G4 Bootcamps] Sincrono | Aula 01;December 18, 2025 11:31 PM;;;Cancelado;Educação
[G4 Bootcamps] Sincrono | Aula 02;December 18, 2025 11:32 PM;;;Aprovado;Educação
[SOCIAL] [ALFREDO] Fechamento 2025;December 19, 2025 1:17 PM;Pedro Augusto;;Aprovado;
Copa Scale;December 19, 2025 4:59 PM;Jasiel Viana;;Aprovado;Comunidades
[REELS] [G4] META DE 500 MILHOES BATIDA;December 19, 2025 10:36 PM;Pedro Augusto;;Aprovado;
[YOUTUBE] [ALFREDO] FUTEBOL TCAR;December 26, 2025 7:07 PM;Pedro Augusto;28/12/2025;Aprovado;
[YOUTUBE] [ALFREDO] VLOG FÉRIAS;December 28, 2025 6:45 PM;Pedro Augusto;;Aprovado;
[AFTERMOVIE] [Scale] Compilado 2025;January 5, 2026 1:59 PM;Lucas Liberato;19/01/2026;Aprovado;Comunidades
[REELS] [NARDON] ESTRATÉGIAS 2026;January 5, 2026 4:05 PM;Victor Molinari;06/01/2026;Aprovado;Social G4
[TRANSMISSÃO] [Founder Led Growth] [T01] Aula 01;January 6, 2026 2:26 PM;Erik Gomes;;Aprovado;Educação
[TRANSMISSÃO] [Founder Led Growth] [T01] Aula 02;January 6, 2026 2:37 PM;Joyce Moraes;;Aprovado;Educação
[TRANSMISSÃO] Founder Led Growth - T01 Aula 03;January 6, 2026 2:39 PM;Gui Juhas;13/02/2026;Aprovado;Educação
[TRANSMISSÃO]  Founder Led Growth - T01 Aula 04;January 6, 2026 2:41 PM;;;Aprovado;Educação
[TRANSMISSÃO] Founder Led Growth - T01 Aula 05;January 6, 2026 2:42 PM;;;Aprovado;Educação
[TRANSMISSÃO] [GEMP] T10 - Aula 01;January 6, 2026 2:45 PM;Thainá Vilhena;21/01/2026;Aprovado;Educação
[TRANSMISSÃO] [GEMP] T10 - Aula 02;January 6, 2026 2:48 PM;Lucas Liberato;28/01/2026;Aprovado;Educação
[TRANSMISSÃO] [GEMP] T10 Aula 03;January 6, 2026 2:48 PM;Lucas Liberato;04/02/2026;Aprovado;Educação
[TRANSMISSÃO] [GEMP] T10]Aula 04;January 6, 2026 2:49 PM;Gui Juhas;11/02/2026;Aprovado;Educação
[TRANSMISSÃO] [GEMP] T10 Aula 05;January 6, 2026 2:50 PM;;;Aprovado;Educação
[TRANSMISSÃO] [GEMP] T10 Aula 06;January 6, 2026 2:51 PM;;;Aprovado;Educação
[GEMP] T10 Aula 07;January 6, 2026 2:52 PM;;;Aprovado;Educação
[GEMP] T10 Aula 08;January 6, 2026 2:53 PM;;;Aprovado;Educação
[GEMP] T11 Aula 01;January 6, 2026 4:40 PM;;;Aprovado;Educação
[GEMP] T11 Aula 02;January 6, 2026 4:41 PM;;;Aprovado;Educação
[GEMP] T11 Aula 03;January 6, 2026 4:43 PM;;;Aprovado;Educação
[GEMP] T11 Aula 04;January 6, 2026 4:44 PM;;;Aprovado;Educação
[GEMP] T11 Aula 05;January 6, 2026 4:48 PM;;;Aprovado;Educação
[GEMP] T11 Aula 06;January 6, 2026 4:49 PM;;;Aprovado;Educação
[GEMP] T11 Aula 07;January 6, 2026 4:50 PM;;;Aprovado;Educação
[GEMP] T11 Aula 08;January 6, 2026 4:50 PM;;;Aprovado;Educação
[TRANSMISSÃO] [G4 Formação em IA] T02 - Aula 9 (extra);January 6, 2026 5:30 PM;Gustavo Cairo;;Aprovado;Educação
[TRANSMISSÃO] [G4 Formação em IA] T02 - Aula 10 (extra);January 6, 2026 5:48 PM;Thainá Vilhena;22/01/2026;Aprovado;Educação
[MANIFESTO] [CORPORATIVO] FRONTIER - Manifesto;January 7, 2026 10:35 AM;Wilson Silva;;Aprovado;Matricial
 [ADs]  [Sprints de Finanças] Giovanni Colaccico;January 8, 2026 10:19 AM;Mayara Alvares;;Aprovado;Educação
[TRANSMISSÃO] [G4 Monitorias] Rodolpho Tobler;January 8, 2026 2:47 PM;Erik Gomes;14/01/2026;Aprovado;Educação
[YOUTUBE] [NARDON] CORTES FECHAMENTO;January 9, 2026 9:30 AM;Victor Molinari;;Aprovado;
[ASSETS] [FRONTIER] CountDown (Animação BG);January 9, 2026 1:53 PM;Gustavo Cairo;27/01/2026;Aprovado;Matricial
[ADs] [Reunião Estratégica] Motion Faceless;January 12, 2026 9:30 AM;Wilson Silva;12/01/2026;Aprovado;Matricial
[INTEGRA] Treinamento Oratória e Metodologia;January 12, 2026 10:28 AM;Gui Juhas;30/01/2026;Aprovado;Matricial
[MANIFESTO LP] [Reunião Estratégica] Oferta VIP (Alfredo);January 12, 2026 11:17 AM;Erik Gomes;14/01/2026;Aprovado;Matricial
[ASSETS] [FRONTIER] CountDown (Depoimentos);January 13, 2026 10:40 AM;Raffaella Lima;;Aprovado;Matricial
[YOUTUBE] [G4 PODCASTS] Episódios Antigos | Corte 1;January 13, 2026 1:31 PM;Raffaella Lima;;Aprovado;Podcast
[ASSETS] [FRONTIER] KV ANIMADO;January 13, 2026 2:33 PM;Wilson Silva;27/01/2026;Aprovado;Matricial
[ASSETS] [FRONTIER] VIDEO ABERTURA 01;January 13, 2026 2:33 PM;Wilson Silva;29/01/2026;Aprovado;Matricial
[ASSETS] [FRONTIER] VIDEO ABERTURA 02;January 13, 2026 2:34 PM;Raffaella Lima;;Aprovado;Matricial
[ASSETS] [FRONTIER] VIDEO PÓS ALMOÇO 01;January 13, 2026 2:34 PM;Lucas Liberato;;Aprovado;Matricial
[ASSETS] [FRONTIER] VIDEO PÓS ALMOÇO 02;January 13, 2026 2:34 PM;Joyce Moraes;;Aprovado;Matricial
[ASSETS] [FRONTIER] HINO NACIONAL;January 13, 2026 2:34 PM;Gustavo Cairo;;Aprovado;Matricial
[ASSETS] [FRONTIER] VÍDEO PRODUTO CONSULTING;January 13, 2026 2:34 PM;Raffaella Lima;;Aprovado;Matricial
[ASSETS] [FRONTIER] VÍDEO PRODUTO TOOLS;January 13, 2026 2:35 PM;Joyce Moraes;;Aprovado;Matricial
[ASSETS] [FRONTIER] VÍDEO PRODUTO CLUB;January 13, 2026 2:35 PM;Wilson Silva;;Cancelado;Matricial
[ASSETS] [FRONTIER] TELA PATROCINADORES;January 13, 2026 2:36 PM;Wilson Silva;;Aprovado;Matricial
[ASSETS] [FRONTIER] VINHETA PALESTRANTES;January 13, 2026 2:38 PM;Gustavo Cairo;;Aprovado;Matricial
[ADs] Sales com Yago Martins;January 14, 2026 9:17 AM;Mayara Alvares;;Aprovado;Educação
[ADs] Sales com Manoel Gonçalves;January 14, 2026 9:22 AM;Mayara Alvares;;Aprovado;Educação
[VÍDEO] [SKILLS] ENCERRAMENTO JOURNEY DAY 2026;January 14, 2026 1:11 PM;Lucas Liberato;;Aprovado;Educação
[YOUTUBE] [G4 PODCASTS] Episódios Antigos | Corte 2;January 14, 2026 2:41 PM;Raffaella Lima;;Aprovado;Podcast
[YOUTUBE] [G4 PODCASTS] Episódios Antigos | Corte 3;January 14, 2026 2:41 PM;Raffaella Lima;;Aprovado;Podcast
[YOUTUBE] [G4 PODCASTS] Episódios Antigos | Corte 4;January 14, 2026 2:41 PM;Raffaella Lima;;Aprovado;Podcast
[CASES] [Journey Day 2026] Cases de Sucesso + Vídeo com as melhores frasesu;January 16, 2026 11:19 AM;Erik Gomes;;Blocked;Educação
[ADs] [Upsell cursos online] Alfredo ;January 16, 2026 1:17 PM;;;Produção Blocked;Educação
[TRACTION] Cortar gravação TRA-084;January 17, 2026 9:41 AM;Erik Gomes;26/01/2026;Aprovado;
[TRACTION] Cortar gravação TRA-085 em módulos;January 17, 2026 9:45 AM;Erik Gomes;;Aprovado;
[SKILLS] Conteúdo Para Totem | Imersões;January 19, 2026 12:33 PM;Erik Gomes;;Aprovado;Educação
 Podcast Papo de Gestão Fernando Fonseca ;January 19, 2026 3:40 PM;Erik Gomes;;Aprovado;Podcast
 Podcast Papo de Gestão Rafael Catolé ;January 19, 2026 3:42 PM;Erik Gomes;;Aprovado;Podcast
 Podcast Extremos Cristina Pirv ;January 19, 2026 3:43 PM;Gustavo Cairo;;Cancelado;Podcast
Podcast Papo de Gestão Sergio Bronstein ;January 19, 2026 3:43 PM;;;Aprovado;Podcast
 Podcast Extremos Matheus Lins ;January 19, 2026 3:44 PM;Gustavo Cairo;;Cancelado;Podcast
 Podcast Papo de Gestão Victor Meireles ;January 19, 2026 3:45 PM;;;Aprovado;Podcast
 Podcast Extremos André Adolfo ;January 19, 2026 3:46 PM;;;Aprovado;Podcast
 Podcast Papo de Gestão Marcello Bastos ;January 19, 2026 3:46 PM;;;Aprovado;Podcast
 Podcast Extremos Thiago Fernandes ;January 19, 2026 3:46 PM;;;Aprovado;Podcast
 Podcast Extremos Monica Hauck e Alessandro Garcia ;January 19, 2026 3:48 PM;;;Aprovado;Podcast
 Podcast Papo de Gestão Pietro Balthar e Eduardo Nogueira ;January 19, 2026 3:48 PM;;;Aprovado;Podcast
 Podcast Extremos Yuri Villas Boas ;January 19, 2026 3:48 PM;;;Aprovado;Podcast
 Podcast Extremos Alexandre Bonilha Farkuh ;January 19, 2026 3:48 PM;;;Aprovado;Podcast
 Podcast Papo de Gestão Bernardo Nicolau  ;January 19, 2026 3:48 PM;;;Aprovado;Podcast
[ADs] [Reunião Estratégica 26.01] FACELESS e Tallis;January 20, 2026 9:12 AM;Erik Gomes;20/01/2026;Aprovado;
[CURSO] [Reforma Tributária] Conta Azul;January 20, 2026 9:37 AM;Thainá Vilhena;02/03/2026;Aprovado;Educação
 Podcast Extremos Gabriel Lima ;January 20, 2026 9:38 AM;;;Aprovado;Podcast
[CURSO] NR-1 com Leandro Rubio;January 20, 2026 9:38 AM;Thainá Vilhena;03/02/2026;Aprovado;Educação
[PODCAST] [PESSOAS] Saúde psicológica em ambientes de alta performance ;January 20, 2026 10:01 AM;Gui Juhas;;Aprovado;Educação
[SCALE] [CASE] Luiz Eduardo Silveira Menezes;January 20, 2026 10:45 AM;Erik Gomes;;Blocked;Educação
[AFTERMOVIE] SCALE EXPERIENCE;January 20, 2026 1:42 PM;Erik Gomes;18/02/2026;Aprovado;Comunidades
[Podcasts] Extremos teste podcast ;January 20, 2026 2:20 PM;;;;Podcast
Podcast Papo de Gestão In Hsieh ;January 20, 2026 2:23 PM;Gustavo Cairo;;Aprovado;Podcast
[CURSO] [Patrimonium] Desmistificando a contabilidade;January 20, 2026 4:06 PM;Thainá Vilhena;04/03/2026;Aprovado;Educação
[Podcasts] Extremos Arthurito Faria Lima ;January 20, 2026 4:23 PM;;;Aprovado;Podcast
[ADs] [FRONTIER] [VIRADA DE LOTE HOJE] ALFREDO;January 20, 2026 4:55 PM;Erik Gomes;20/01/2026;Aprovado;Matricial
[CURSO] Como Resolver Dores do Negócio com Método com Manoel Lins;January 21, 2026 5:08 PM;;;Produção Blocked;Educação
[SCALE] Mentoria Online 13;January 21, 2026 6:03 PM;Erik Gomes;26/01/2026;Aprovado;Comunidades
[AFTERMOVIE] Team 6 - Rebrand;January 21, 2026 6:31 PM;Thainá Vilhena;;Aprovado;Matricial
[REELS] [REUNIÃO ESTRATÉGICA] G4 VALLEY - NAPOLE;January 22, 2026 9:17 AM;Thainá Vilhena;22/01/2026;Aprovado;Social G4
[DEPOIMENTO COUNTDOWN] [CORPORATIVO] DEPOIMENTOS REUNIÃO ESTRATÉGICA;January 22, 2026 4:43 PM;Raffaella Lima;26/01/2026;Aprovado;Matricial
Como Resolver Dores do Negócio com Método - Manoel Lins;January 23, 2026 9:36 AM;;;Aprovado;
[UPSELL] [Reunião Estratégica] Misa;January 23, 2026 1:08 PM;Erik Gomes;;Aprovado;Matricial
[REELS] Pilulas Case;January 26, 2026 11:47 AM;Erik Gomes;02/02/2026;Aprovado;Matricial
Trilha 07;January 26, 2026 2:42 PM;Gui Juhas;;Aprovado;Comunidades
[ADs] Upsell produtos online com TG;January 26, 2026 5:19 PM;;;Aprovado;Educação
[ADs][ONLINE][SEMANA DO CONSUMIDOR][IA FACELESS];January 26, 2026 6:05 PM;Gustavo Cairo;28/01/2026;Aprovado;Educação
[TRANSMISSÃO] [Reunião Estratégica] 26.01;January 27, 2026 10:47 AM;;;Aprovado;Educação
[ADs + regras do jogo] Frontier com TG;January 27, 2026 11:06 AM;Pedro Augusto;;Aprovado;Educação
Vídeo nova marca G4 com Alfredo;January 27, 2026 11:38 AM;;;Aprovado;Educação
Club: Trilha 10 - Autoconhecimento através dos seus pontos fortes;January 27, 2026 1:19 PM;Gui Juhas;13/02/2026;Aprovado;Comunidades
Club: Talks 34;January 27, 2026 1:29 PM;Gui Juhas;13/02/2026;Aprovado;Comunidades
[Podcasts]  Podcast Extremos com Yago Martins e Rafael Milagre ;January 27, 2026 2:51 PM;;;Aprovado;Podcast
[TRANSMISSÃO] [G4 Aceleração de Carreira] Dia 1;January 27, 2026 3:49 PM;Gui Juhas;03/02/2026;Aprovado;Educação
[Podcasts] Jogo de IA Episódio Piloto 2 - Jogo da IA;January 27, 2026 6:16 PM;;;Aprovado;Podcast
[Podcasts] Extremos Eric, Lucas e Camila ;January 28, 2026 9:47 AM;;;Aprovado;Podcast
[CURSO] Como ser protagonista na sua carreira com Cleonildo Scarabello;January 28, 2026 4:03 PM;;;Aprovado;Educação
[GE] Edição de aulas para Skills;January 28, 2026 4:54 PM;Lucas Liberato;06/02/2026;Aprovado;Educação
PTZ - Aula Manoel Lins - Traction T92;January 29, 2026 10:36 AM;;;Aprovado;Educação
[TRANSMISSÃO] [G4 Aceleração de Carreira] Dia 2;January 29, 2026 11:09 AM;Lucas Liberato;;Aprovado;
Cases: Scale Meeting - Marketing B2;January 29, 2026 2:34 PM;;;Aprovado;Comunidades
[ONLINE] [ADVISOR] Bootcamp Estratégia: Aula 05 - IA para Estratégia;January 29, 2026 4:25 PM;;;Cancelado;Educação
[CURSO] Atualização de conteúdos com Antônio Nogueira;January 30, 2026 11:54 AM;Thainá Vilhena;;Aprovado;Educação
[ASSETS] [FRONTIER] TOTEM;February 3, 2026 10:12 AM;Erik Gomes;;Aprovado;Matricial
[ADs][ONLINE][ EDIÇÃO DE CORTES];February 4, 2026 12:37 AM;Lucas Liberato;10/02/2026;Aprovado;Educação
[FRONTIER] Aftermovie e Real Time;February 4, 2026 9:49 AM;Wilson Silva;;Aprovado;Matricial
[Podcasts]  Dani Teixeira ;February 13, 2026 2:59 PM;;;Aprovado;Podcast
[Podcasts]  Milena Brentan ;February 13, 2026 3:03 PM;;;Aprovado;Podcast
[Podcasts] Extremos Vasco Vasconcellos ;February 13, 2026 4:35 PM;;;Aprovado;Podcast
[Podcasts] Extremos Lucas Fink ;February 18, 2026 1:53 PM;;;Aprovado;Podcast
[Podcasts]  Henri Zylberstajn ;February 18, 2026 2:52 PM;;;Aprovado;Podcast
[Podcasts] Papo de Gestão Sergio Bronstein ;February 23, 2026 11:59 AM;;;Aprovado;Podcast
[Podcasts]  Arthur Frota ;March 2, 2026 12:53 PM;;;Aprovado;Podcast
[Podcasts]  Lito Sousa ;March 4, 2026 2:35 PM;;;Aprovado;Podcast
[Podcasts]  Podcast Papo de Gestão com Henri Zylberstajn ;March 9, 2026 10:11 AM;;;Aprovado;Podcast
[Podcasts]  Podcast Papo de Gestão com José Worcman ;March 11, 2026 11:07 AM;;;Aprovado;Podcast
[Podcasts]  Podcast Jogo de IA - Betina Wecker ;March 12, 2026 11:04 AM;;;Aprovado;Podcast
[Podcasts]  Podcast O Jogo da IA com Erico Rocha ;March 16, 2026 3:42 PM;;;Aprovado;Podcast
[Podcasts]  Podcast O Jogo da IA com Lito Sousa ;March 16, 2026 5:43 PM;;;Aprovado;Podcast
[Podcasts]   João Fiuza ;March 17, 2026 10:06 AM;;;Aprovado;Podcast
 Podcast Papo de Gestão Dani Teixeira;March 17, 2026 4:50 PM;;;Aprovado;Podcast
[Podcasts]  Podcast O Jogo da IA - Henri Zylberstajn ;March 19, 2026 6:34 PM;;;Aprovado;Podcast
[Podcasts]  Henri Zylberstajn ;March 23, 2026 4:07 PM;;;Aprovado;Podcast
[Podcasts]  Bob Burniquist ;March 23, 2026 5:42 PM;;;Aprovado;Podcast
[Podcasts]  Luigi Cani ;March 24, 2026 3:50 PM;;;Aprovado;Podcast
;March 30, 2026 12:03 PM;;;;
;March 30, 2026 12:20 PM;;;;
[Podcasts]   ;April 1, 2026 9:44 AM;;;Aprovado;Podcast
[Podcasts]   Bruno Oliveira ;April 1, 2026 11:26 AM;;;Aprovado;Podcast
[Podcasts]  Dom Bertrand ;April 7, 2026 2:05 PM;;;Aprovado;Podcast
[Podcasts]  William Lopes e Romulo Thiago ;May 6, 2026 10:52 AM;;;Aprovado;Podcast
[Podcasts]  Rafael Canada ;May 6, 2026 3:04 PM;;;Aprovado;Podcast
;May 13, 2026 4:32 PM;;;;
;May 13, 2026 4:32 PM;;;;
[REELS] Bhag;May 13, 2026 4:34 PM;;;Aprovado;
;May 13, 2026 6:38 PM;;;;
[AFTERMOVIE] Sprint IA 01;May 14, 2026 11:23 AM;Amanda Rui;25/05/2026;Freela;
[REELS]BHAG ;May 14, 2026 11:46 AM;Wilson Silva;14/05/2026;Aprovado;Social G4
;May 14, 2026 1:35 PM;;;;
[DEPOIMENTO] SPRINT IA 01;May 14, 2026 1:36 PM;Amanda Rui;26/05/2026;Freela;
[REELS] Corte 2 PPL - Flow;May 14, 2026 1:59 PM;Wilson Silva;14/05/2026;Aprovado;
[PPL ]Kallas;May 14, 2026 2:02 PM;Raffaella Lima;27/05/2026;Editando;
[PPL]Oto (Balbi) ;May 14, 2026 2:07 PM;Raffaella Lima;22/05/2026;Aprovado;
[PPL] Grupo Flow (Igor 3k) (2°parte);May 14, 2026 2:09 PM;Raffaella Lima;;Blocked;
[PPL]Guday (Manu Cit);May 14, 2026 2:11 PM;Wilson Silva;29/05/2026;Editando;
[TRANSMISSÃO] PLANTAO DUVIDAS 01 - G4 OS;May 14, 2026 2:18 PM;Thainá Vilhena;25/05/2026;Aprovado;Educação
[TRANSMISSÃO] PLANTAO DUVIDAS 02 - G4 OS;May 14, 2026 2:26 PM;Thainá Vilhena;25/05/2026;Aprovado;Educação
[TRANSMISSÃO] PLANTAO DUVIDAS 03 - G4 OS;May 14, 2026 2:27 PM;Thainá Vilhena;25/05/2026;Aprovado;Educação
[TRANSMISSÃO] PLANTAO DUVIDAS 04 - G4 OS;May 14, 2026 2:27 PM;Thainá Vilhena;21/05/2026;Aprovado;Educação
[TRANSMISSÃO] GEMP + IFOOD - Abertura - Marani;May 14, 2026 4:07 PM;Diego Picasso Novais;;Produção;Matricial
[TRANSMISSÃO] GEMP + IFOOD -IA para Negócios -Victor Meirelles e Marani;May 14, 2026 4:12 PM;Diego Picasso Novais;;Produção;Matricial
[TRANSMISSÃO] Posicionamento Estratégico - GEMP + IFOOD (MARANI);May 14, 2026 4:17 PM;Diego Picasso Novais;;Produção;Matricial
[TRANSMISSÃO] GEMP + IFOOD - CANAIS DE AQUISIÇÃO E CONVERSÃO DE DEMANDA (Manoel Gonçalves + MARANI);May 14, 2026 4:35 PM;Diego Picasso Novais;;Produção;Matricial
[TRANSMISSÃO] GEMP + IFOOD - CONSTRUÇÃO DE TIMES E CONTRATAÇÃO (Marani);May 14, 2026 4:38 PM;Diego Picasso Novais;;Produção;Matricial
[TRANSMISSÃO] GEMP + IFOOD - DIRECIONAMENTO DE NEGÓCIO (MATT MONTENEGRO + MARANI);May 14, 2026 4:45 PM;Diego Picasso Novais;;Produção;
[TRANSMISSÃO] GEMP + IFOOD - PROCESSOS E ROTINAS DE GESTÃO (RODRIGO MAROJA + MARANI);May 14, 2026 4:47 PM;Diego Picasso Novais;;Produção;
[TRANSMISSÃO] GEMP + IFOOD -  GERENCIAMENTO DE ALAVANCAS FINANCEIRAS (RODRIGO FERNANDES + MARANI);May 14, 2026 4:50 PM;Diego Picasso Novais;;Produção;
[TRANSMISSÃO] GEMP + IFOOD  - DELIVERY (MARANI);May 14, 2026 4:53 PM;Diego Picasso Novais;;Produção;Matricial
[Aftermovie] Combo Sprints;May 15, 2026 10:42 AM;Diego Picasso Novais;28/05/2026;Para aprovação;Educação
[PELO BRASIL] RECIFE - KV ANIMADO;May 15, 2026 11:04 AM;Joyce Moraes;20/05/2026;Aprovado;
Curso Gratuito Campanha de Marca - João Vitor;May 15, 2026 11:05 AM;Diego Picasso Novais;;Aprovado;Matricial
[PELO BRASIL] RECIFE - VIDEO DE ABERTURA;May 15, 2026 11:06 AM;Joyce Moraes;21/05/2026;Aprovado;
[PELO BRASIL] RECIFE - VIDEO PÓS-ALMOÇO;May 15, 2026 11:07 AM;Joyce Moraes;21/05/2026;Aprovado;
[PELO BRASIL] RECIFE - VINHETA PALESTRANTES;May 15, 2026 11:08 AM;Joyce Moraes;21/05/2026;Aprovado;
[PELO BRASIL] RECIFE - HINO NACIONAL;May 15, 2026 11:08 AM;Joyce Moraes;21/05/2026;Aprovado;
[PELO BRASIL] RECIFE - VINHETA PATROCINADORES (LOGOS);May 15, 2026 11:08 AM;Joyce Moraes;21/05/2026;Aprovado;
[PELO BRASIL] RECIFE - VIDEO PATROCINADORES;May 15, 2026 11:08 AM;Joyce Moraes;21/05/2026;Aprovado;
[PELO BRASIL] RECIFE - COUNTDOWN (2X);May 15, 2026 11:09 AM;Joyce Moraes;;Aprovado;
Curso gratuito campanha de marca - Melzi;May 15, 2026 11:09 AM;Diego Picasso Novais;;Aprovado;Matricial
Curso Gratuito Campanha de Marca - Julian;May 15, 2026 11:10 AM;Diego Picasso Novais;;Aprovado;
[PELO BRASIL] UBERLÂNDIA - KV ANIMADO;May 15, 2026 11:22 AM;Thainá Vilhena;10/06/2026;Para Edição;Matricial
[PELO BRASIL] UBERLÂNDIA - VIDEO DE ABERTURA ;May 15, 2026 11:24 AM;Thainá Vilhena;10/06/2026;Para Edição;Matricial
[PELO BRASIL] UBERLÂNDIA - VIDEO PÓS-ALMOÇO;May 15, 2026 11:24 AM;Thainá Vilhena;10/06/2026;Para Edição;Matricial
[PELO BRASIL] UBERLÂNDIA  - VINHETA PALESTRANTES;May 15, 2026 11:25 AM;Thainá Vilhena;10/06/2026;Para Edição;Matricial
[PELO BRASIL] UBERLÂNDIA - HINO NACIONAL;May 15, 2026 11:25 AM;Thainá Vilhena;10/06/2026;Para Edição;Matricial
[PELO BRASIL] UBERLÂNDIA - VINHETA PATROCINADORES (LOGOS);May 15, 2026 11:26 AM;Thainá Vilhena;10/06/2026;Para Edição;Matricial
[PELO BRASIL] UBERLÂNDIA - VIDEO PATROCINADORES;May 15, 2026 11:26 AM;Thainá Vilhena;10/06/2026;Para Edição;Matricial
[PELO BRASIL] UBERLÂNDIA - COUNTDOWN (2X);May 15, 2026 11:27 AM;Thainá Vilhena;10/06/2026;Para Edição;Matricial
;May 15, 2026 11:31 AM;;;;
[CURSO] Como automatizar sua rotina com IA | | Eric Luciano;May 15, 2026 12:25 PM;Diego Picasso Novais;05/06/2026;Produção;
;May 18, 2026 9:23 AM;;;;
[REELS]O que falta em Santos Dumont? ;May 18, 2026 9:46 AM;Raffaella Lima;26/05/2026;Cancelado;Social G4
Animação OOH -BHAG;May 18, 2026 10:36 AM;Thainá Vilhena;20/05/2026;Aprovado;Social G4
[AFTERMOVIE] OTR NOVA YORK;May 18, 2026 11:17 AM;Amanda Rui;22/05/2026;Freela;Comunidades
[Gravação][Trilha 12];May 18, 2026 11:41 AM;;25/05/2026;;
[CURSO] CLUB - Trilha 12 | Comunicação Estratégica - Carol Portilho;May 18, 2026 11:45 AM;Diego Picasso Novais;29/05/2026;Para aprovação;Comunidades
[REELS] Luigi Cani;May 18, 2026 12:18 PM;Wilson Silva;19/05/2026;Aprovado;
[TRANSMISSÃO] TRILHA 13 - G4 CLUB;May 18, 2026 2:52 PM;;27/05/2026;Produção;
[CURSO] Implementação de IA | João Vitor;May 18, 2026 6:02 PM;Diego Picasso Novais;22/05/2026;Produção;
[ADS][G4 ONLINE][MENTOR X];May 18, 2026 6:10 PM;Gustavo Cairo;22/05/2026;Aprovado;Educação
[ADS][G4 ONLINE][REEDITAR];May 18, 2026 6:32 PM;Thainá Vilhena;22/05/2026;Aprovado;Educação
[CURSO] Como aumentar sua produtividade com IA;May 19, 2026 1:33 PM;Diego Picasso Novais;20/05/2026;Produção;Educação
[CURSO] Claude Design | Guilherme Reis;May 19, 2026 1:40 PM;Diego Picasso Novais;20/05/2026;Produção;Educação
[CURSO] Tomada de decisão | Fernando Manfio;May 19, 2026 1:44 PM;Diego Picasso Novais;15/05/2026;Para aprovação;Educação
Gravação de Depoimento G4 Traction - Vívian Maia;May 19, 2026 1:48 PM;;05/06/2026;Produção;Educação
[AFTERMOVIE][Skills Conference];May 19, 2026 1:51 PM;Joyce Moraes;29/05/2026;Para Edição;Educação
[TRANSMISSÃO] Aula 01 Diagnóstico Cultural - Cultura como Estratégia Invisível;May 19, 2026 1:55 PM;;16/06/2026;Produção;
[TRANSMISSÃO] [Journey] Aula 02 Estrutura Organizacional – Crescer com clareza e inteligência;May 19, 2026 1:58 PM;;17/06/2026;Produção;
[TRANSMISSÃO] Aula 03 Desenvolvimento de Lideranças – A nova responsabilidade do fundador;May 19, 2026 2:03 PM;;18/06/2026;Produção;
[TRANSMISSÃO] Journey] Aula 04 Contratações Estratégicas – Contratações que Aceleram (ou Sabotam) a Estratégia;May 19, 2026 2:06 PM;;19/06/2026;Produção;
[TRANSMISSÃO] [Journey] Aula 05 Gestão de Performance;May 19, 2026 2:09 PM;;20/06/2026;Produção;
[TRANSMISSÃO] [Journey] Aula 06 Manifesto de Cultura – O DNA da Empresa, do discurso à prática;May 19, 2026 2:23 PM;;21/05/2026;Produção;
[CURSO]Treinamento interno] LGPD;May 19, 2026 2:27 PM;Jaqueline Germano;;Produção;
[PELO BRASIL] CUIABÁ - KV ANIMADO;May 19, 2026 5:05 PM;Joyce Moraes;05/06/2026;Para Edição;
[PELO BRASIL] CUIABÁ - VIDEO DE ABERTURA;May 19, 2026 5:06 PM;Joyce Moraes;05/06/2026;Para Edição;
[PELO BRASIL] CUIABÁ - VIDEO PÓS ALMOÇO;May 19, 2026 5:06 PM;Joyce Moraes;05/06/2026;Para Edição;
[PELO BRASIL] CUIABÁ - COUNTDOWN (2X);May 19, 2026 5:06 PM;Joyce Moraes;05/06/2026;Para Edição;
[PELO BRASIL] CUIABÁ - VINHETA PALESTRANTES;May 19, 2026 5:07 PM;Joyce Moraes;05/06/2026;Para Edição;
[PELO BRASIL] CUIABÁ - HINO NACIONAL;May 19, 2026 5:07 PM;Joyce Moraes;05/06/2026;Para Edição;
[PELO BRASIL] CUIABÁ - VINHETA PATROCINADORES (LOGOS);May 19, 2026 5:07 PM;Joyce Moraes;05/06/2026;Para Edição;
[PELO BRASIL] CUIABÁ - VIDEO PATROCÍNIOS E PATROCINADORES;May 19, 2026 5:07 PM;Joyce Moraes;05/06/2026;Para Edição;
[Podcasts] Papo de Gestão Felipe Witt ;May 19, 2026 5:27 PM;;;Produção;Podcast
[CURSO] Notebook LM;May 19, 2026 5:40 PM;Diego Picasso Novais;21/05/2026;Aprovado;
[REELS] 14 BIS - ERROS FAZEM PARTE DO PROCESSO;May 19, 2026 6:45 PM;Wilson Silva;21/05/2026;Aprovado;Matricial
[REELS] Aniversário G4 - reels Dirceu;May 20, 2026 9:52 AM;Diego Picasso Novais;20/05/2026;Aprovado;
[PODCAST] EXTREMOS_CAIO AMATO;May 20, 2026 10:07 AM;Thainá Vilhena;26/05/2026;Aprovado;Podcast
BKP - CTO CONFERENCE;May 20, 2026 1:15 PM;Raffaella Lima;;Aprovado;
TOOLS CONNECT;May 20, 2026 1:33 PM;Raffaella Lima;;Aprovado;
[Paid - BAU] [Adaptação criativos para aniversário];May 20, 2026 3:10 PM;Amanda Rui;25/05/2026;Cancelado;Matricial
Curso Gratuito Campanha de Marca - Heitor;May 20, 2026 3:25 PM;Diego Picasso Novais;21/05/2026;Aprovado;
[HEROIS DO BRASIL] EP.03 - PAULO MACHADO;May 20, 2026 3:30 PM;Raffaella Lima;10/06/2026;Produção;
[REELS] Aniversário G4 - reels Dirceu;May 20, 2026 4:44 PM;Amanda Rui;22/05/2026;Aprovado;
[REELS] Aniversário - Collares ;May 20, 2026 4:46 PM;Amanda Rui;21/05/2026;Aprovado;Educação
Gravação de vídeos para IA;May 20, 2026 6:19 PM;;;Produção;Educação
[ADS][ISCAS - SKILLS IA][JV] - 10 Ads;May 21, 2026 12:58 PM;Thainá Vilhena;26/05/2026;Cancelado;Matricial
[REELS] PACOTE INC;May 21, 2026 2:43 PM;Gustavo Cairo;26/05/2026;Editando;Social G4
[AFTERMOVIE] G4 na Prática - turma 34;May 21, 2026 4:11 PM;;11/06/2026;Produção;Educação
[PELO BRASIL] RECIFE - VINHETA PATROCÍNIOS E PATROCINADORES ;May 22, 2026 10:52 AM;Joyce Moraes;;Aprovado;
[TRANSMISSÃO/ ESTÚDIO PODCAST] 1º SESSÃO COM C-LEVELS | ANIV26 G4;May 22, 2026 11:31 AM;Flávio Rocha;11/06/2026;Produção;
[TRANSMISSÃO/ ESTÚDIO PODCAST] 2º SESSÃO COM C-LEVELS | ANIV26 G4;May 22, 2026 11:39 AM;;16/07/2026;Produção;
[TRANSMISSÃO/ ESTÚDIO PODCAST] 3º SESSÃO COM C-LEVELS | ANIV26 G4;May 22, 2026 11:41 AM;;13/08/2026;Produção;
[REELS] 14 BIS + ANIVERSÁRIO;May 22, 2026 1:14 PM;Wilson Silva;;Aprovado;Matricial
[ANIV] ANIMAÇÃO TELA DESCANSO LIVE;May 22, 2026 2:56 PM;Wilson Silva;25/05/2026;Aprovado;Matricial
[PAID - BAU][EDIÇÃO DE VÍDEOS][DEPOIMENTOS +MISA];May 22, 2026 4:44 PM;Thainá Vilhena;26/06/2026;Para Edição;Matricial
[PAID - BAU][EDIÇÃO DE VÍDEOS][MENTORES GE];May 22, 2026 9:17 PM;Thainá Vilhena;29/05/2026;Para Edição;Matricial
[PAID - BAU][EDIÇÃO DE VÍDEOS][MENTORES TRACTION];May 22, 2026 9:29 PM;Thainá Vilhena;29/05/2026;Para Edição;Matricial
[ANIVERSÁRIO] ONBOARDING NARDON PASS;May 25, 2026 10:04 AM;Wilson Silva;25/05/2026;Aprovado;
[SCALE] SCALE ACADEMY 1 | THEO OROSCO;May 25, 2026 3:44 PM;Joyce Moraes;28/05/2026;Para Edição;G4 Scale
ANIV26  |  NOMINAL ABANDONO;May 25, 2026 4:08 PM;;25/05/2026;Aprovado;Matricial
[PELO BRASIL] RECIFE - REELS + AFTERMOVIE;May 25, 2026 4:58 PM;Joyce Moraes;26/05/2026;Para Edição;
[ADV-ADS][SELFCHECKOUT][JENIFFER];May 25, 2026 5:06 PM;Thainá Vilhena;28/05/2026;Editando;Educação
[ADV-ADS][BOOTCAMP][MENTOR-X];May 25, 2026 5:21 PM;;29/05/2026;Aprovado;Matricial
[PAID][BAU][EDIÇÃO DE VÍDEO-DEPOIMENTO];May 26, 2026 12:58 AM;;05/06/2026;Backlog;
[REELS] Connect - Divulgação;May 26, 2026 10:47 AM;Thainá Vilhena;08/06/2026;Para Edição;G4 Tools
[PODCAST] VINHETA EXTREMOS + PAPO DE GESTÃO;May 26, 2026 2:02 PM;Wilson Silva;05/06/2026;Para Edição;Podcast
[REELS] 2 Cortes do voo;May 26, 2026 2:53 PM;Diego Picasso Novais;27/05/2026;Para aprovação;
TREINAMENTO DE CX - IA APLICADO EM CX;May 27, 2026 11:17 AM;Flávio Rocha;19/06/2026;Produção;CX
TREINAMENTO DE CX - Desenvolvimento de Carreira;May 27, 2026 3:11 PM;Diego Picasso Novais;29/05/2026;Para Edição;CX